{"q10-001.sql": 0.020640134811401367, "q10-002.sql": 0.02075648307800293, "q10-003.sql": 0.020928144454956055, "q10-004.sql": 0.02077770233154297, "q10-005.sql": 0.020760774612426758, "q10-006.sql": 0.02045583724975586, "q10-007.sql": 0.020646333694458008, "q10-008.sql": 0.020981311798095703, "q10-009.sql": 0.021041154861450195, "q10-010.sql": 0.02102947235107422, "q10-011.sql": 0.02100968360900879, "q10-012.sql": 0.02051401138305664, "q10-013.sql": 0.020708560943603516, "q10-014.sql": 0.020633697509765625, "q10-015.sql": 0.020370006561279297, "q10-016.sql": 0.02061319351196289, "q10-017.sql": 0.0206756591796875, "q10-018.sql": 0.020696640014648438, "q10-019.sql": 0.020833730697631836, "q10-020.sql": 0.020502090454101562, "q10-021.sql": 0.02065896987915039, "q10-022.sql": 0.020461320877075195, "q10-023.sql": 0.02050328254699707, "q10-024.sql": 0.02057671546936035, "q10-026.sql": 0.020476341247558594, "q10-027.sql": 0.02056598663330078, "q10-029.sql": 0.02059626579284668, "q10-030.sql": 0.020483732223510742, "q10-031.sql": 0.020682573318481445, "q10-032.sql": 0.020604848861694336, "q10-033.sql": 0.020082712173461914, "q10-034.sql": 0.020684480667114258, "q10-036.sql": 0.020679712295532227, "q10-037.sql": 0.020886898040771484, "q10-038.sql": 0.0209200382232666, "q10-039.sql": 0.02059173583984375, "q10-040.sql": 0.02034735679626465, "q10-042.sql": 0.020547866821289062, "q10-043.sql": 0.020708560943603516, "q10-044.sql": 0.020839214324951172, "q10-045.sql": 0.02063584327697754, "q10-046.sql": 0.020290136337280273, "q10-047.sql": 0.02083611488342285, "q10-048.sql": 0.019997119903564453, "q10-049.sql": 0.020551443099975586, "q10-050.sql": 0.020761489868164062, "q10-051.sql": 0.020678281784057617, "q10-052.sql": 0.02094268798828125, "q10-053.sql": 0.020800352096557617, "q10-054.sql": 0.020458459854125977, "q10-055.sql": 0.02064371109008789, "q10-056.sql": 0.02047586441040039, "q10-057.sql": 0.020391464233398438, "q10-058.sql": 0.020475387573242188, "q10-059.sql": 0.020720481872558594, "q10-060.sql": 0.020301103591918945, "q10-061.sql": 0.0205533504486084, "q10-062.sql": 0.020168066024780273, "q10-063.sql": 0.02065753936767578, "q10-064.sql": 0.020662307739257812, "q10-065.sql": 0.020811796188354492, "q10-066.sql": 0.020778179168701172, "q10-067.sql": 0.020863056182861328, "q10-068.sql": 0.020539522171020508, "q10-069.sql": 0.020369529724121094, "q10-071.sql": 0.020292997360229492, "q10-072.sql": 0.020650386810302734, "q10-073.sql": 0.020595073699951172, "q10-074.sql": 0.020782947540283203, "q10-075.sql": 0.020681142807006836, "q10-077.sql": 0.020444154739379883, "q10-078.sql": 0.02071857452392578, "q10-079.sql": 0.020506858825683594, "q10-080.sql": 0.02054119110107422, "q10-081.sql": 0.02058553695678711, "q10-082.sql": 0.020758390426635742, "q10-083.sql": 0.0208890438079834, "q10-085.sql": 0.02049732208251953, "q10-087.sql": 0.020238637924194336, "q10-088.sql": 0.020780563354492188, "q10-089.sql": 0.020349740982055664, "q10-090.sql": 0.02083277702331543, "q10-091.sql": 0.02076578140258789, "q10-092.sql": 0.020470619201660156, "q10-093.sql": 0.020734071731567383, "q10-094.sql": 0.02061009407043457, "q10-095.sql": 0.0206148624420166, "q10-096.sql": 0.020835399627685547, "q10-098.sql": 0.02068471908569336, "q10-099.sql": 0.020889759063720703}