{"10a.sql": 0.03779268264770508, "10b.sql": 0.03611469268798828, "10c.sql": 0.036305904388427734, "11a.sql": 0.03644895553588867, "11b.sql": 0.03624558448791504, "11c.sql": 0.0357358455657959, "11d.sql": 0.03588104248046875, "12a.sql": 0.03570199012756348, "12b.sql": 0.036200761795043945, "12c.sql": 0.03541231155395508, "13a.sql": 0.03576493263244629, "13b.sql": 0.036101579666137695, "13c.sql": 0.036069631576538086, "13d.sql": 0.03592181205749512, "14a.sql": 0.036193132400512695, "14b.sql": 0.03634142875671387, "14c.sql": 0.036133766174316406, "15a.sql": 0.036284685134887695, "15b.sql": 0.03610658645629883, "15c.sql": 0.03567385673522949, "15d.sql": 0.5987880229949951, "16a.sql": 0.03836560249328613, "16b.sql": 7.543608903884888, "16c.sql": 0.03908371925354004, "16d.sql": 1.1134216785430908, "17a.sql": 0.04007220268249512, "17b.sql": 0.0374448299407959, "17c.sql": 0.03641080856323242, "17d.sql": 0.0364985466003418, "17e.sql": 0.03664350509643555, "17f.sql": 0.03629612922668457, "18a.sql": 0.03657364845275879, "18b.sql": 0.03708195686340332, "18c.sql": 0.03689074516296387, "19a.sql": 0.03626203536987305, "19b.sql": 0.036687374114990234, "19c.sql": 0.03637981414794922, "19d.sql": 7.557329177856445, "1a.sql": 0.03936481475830078, "1b.sql": 0.0368809700012207, "1c.sql": 0.03750896453857422, "1d.sql": 0.03734588623046875, "20a.sql": 0.03683209419250488, "20b.sql": 0.03661298751831055, "20c.sql": 0.03637099266052246, "21a.sql": 0.036571502685546875, "21b.sql": 0.03626704216003418, "21c.sql": 0.03619742393493652, "22a.sql": 0.03717327117919922, "22b.sql": 0.03713822364807129, "22c.sql": 0.036165475845336914, "22d.sql": 0.036194801330566406, "23a.sql": 0.03658723831176758, "23b.sql": 0.03596305847167969, "23c.sql": 0.036125898361206055, "24a.sql": 0.03687548637390137, "24b.sql": 0.03704500198364258, "25a.sql": 0.03696131706237793, "25b.sql": 0.03638195991516113, "25c.sql": 0.03646588325500488, "26a.sql": 0.03666210174560547, "26b.sql": 0.0361323356628418, "26c.sql": 0.03602457046508789, "27a.sql": 0.03692507743835449, "27b.sql": 0.1012265682220459, "27c.sql": 0.036727190017700195, "28a.sql": 0.036881208419799805, "28b.sql": 0.03585505485534668, "28c.sql": 0.03632330894470215, "29a.sql": 0.03667855262756348, "29b.sql": 0.036116600036621094, "29c.sql": 0.03670692443847656, "2a.sql": 0.03688406944274902, "2b.sql": 0.03591513633728027, "2c.sql": 0.035611629486083984, "2d.sql": 0.03595733642578125, "30a.sql": 1.3083794116973877, "30b.sql": 0.03990435600280762, "30c.sql": 0.038283586502075195, "31a.sql": 0.03641796112060547, "31b.sql": 0.03565335273742676, "31c.sql": 0.036273956298828125, "32a.sql": 0.036673545837402344, "32b.sql": 0.0360257625579834, "33a.sql": 0.036468505859375, "33b.sql": 0.03638720512390137, "33c.sql": 0.03661608695983887, "3a.sql": 0.03577113151550293, "3b.sql": 0.03593754768371582, "3c.sql": 0.03596210479736328, "4a.sql": 0.03621506690979004, "4b.sql": 0.0353391170501709, "4c.sql": 0.036325693130493164, "5a.sql": 0.03566312789916992, "5b.sql": 0.0367436408996582, "5c.sql": 0.03621053695678711, "6a.sql": 0.03568267822265625, "6b.sql": 0.03698587417602539, "6c.sql": 0.037506103515625, "6d.sql": 0.03647112846374512, "6e.sql": 0.03543543815612793, "6f.sql": 0.03569483757019043, "7a.sql": 0.03647756576538086, "7b.sql": 0.03601574897766113, "7c.sql": 0.03574347496032715, "8a.sql": 0.036153316497802734, "8b.sql": 0.035791635513305664, "8c.sql": 0.035954952239990234, "8d.sql": 0.03566288948059082, "9a.sql": 0.03691244125366211, "9b.sql": 0.03688359260559082, "9c.sql": 0.03686022758483887, "9d.sql": 0.03626418113708496}