{"10c.sql": 3.603010892868042, "11b.sql": 0.038388729095458984, "11c.sql": 0.2416977882385254, "11d.sql": 0.22281837463378906, "12a.sql": 0.6907811164855957, "12b.sql": 0.09162139892578125, "13a.sql": 2.119638681411743, "13b.sql": 0.9093379974365234, "13c.sql": 0.8750431537628174, "13d.sql": 3.581772804260254, "14a.sql": 1.596374750137329, "14b.sql": 0.21026349067687988, "14c.sql": 1.614572286605835, "15a.sql": 0.39586901664733887, "15b.sql": 0.08753371238708496, "15c.sql": 0.03597617149353027, "15d.sql": 0.03518176078796387, "16a.sql": 1.9708688259124756, "16b.sql": 1.2301034927368164, "16c.sql": 2.545546054840088, "16d.sql": 2.513251304626465, "17a.sql": 0.03685617446899414, "17b.sql": 4.6709184646606445, "17c.sql": 4.691636800765991, "17d.sql": 2.7630176544189453, "17e.sql": 0.03714132308959961, "17f.sql": 0.036278486251831055, "18a.sql": 1.9845471382141113, "18b.sql": 0.03668665885925293, "18c.sql": 0.03579425811767578, "19a.sql": 2.4555063247680664, "19b.sql": 0.16523170471191406, "19d.sql": 4.798919439315796, "1b.sql": 0.03826785087585449, "1c.sql": 0.03516840934753418, "1d.sql": 0.035047054290771484, "20a.sql": 1.6232504844665527, "20b.sql": 0.035753488540649414, "21a.sql": 0.1390550136566162, "21c.sql": 0.03701043128967285, "22a.sql": 1.3094215393066406, "22b.sql": 1.3050086498260498, "22d.sql": 2.4725353717803955, "23b.sql": 0.1408240795135498, "23c.sql": 0.3584599494934082, "24b.sql": 0.16199326515197754, "25c.sql": 2.7812278270721436, "26a.sql": 2.2911226749420166, "26b.sql": 0.24281048774719238, "26c.sql": 1.80777907371521, "27a.sql": 0.13611960411071777, "27b.sql": 0.10640668869018555, "27c.sql": 0.1620616912841797, "28a.sql": 1.8655128479003906, "28b.sql": 0.7336742877960205, "28c.sql": 1.843111276626587, "29b.sql": 0.0373234748840332, "29c.sql": 0.45493149757385254, "2b.sql": 0.3994567394256592, "2c.sql": 0.03668713569641113, "2d.sql": 0.03555727005004883, "30a.sql": 2.5246188640594482, "30b.sql": 2.469125509262085, "30c.sql": 2.832073450088501, "31a.sql": 2.4743664264678955, "31b.sql": 2.4896867275238037, "31c.sql": 2.877856969833374, "32a.sql": 0.1798720359802246, "32b.sql": 0.1855762004852295, "33a.sql": 0.2370450496673584, "33b.sql": 0.12097859382629395, "33c.sql": 0.19578790664672852, "3b.sql": 0.03578639030456543, "3c.sql": 0.0362095832824707, "4a.sql": 0.16680526733398438, "4b.sql": 0.03600740432739258, "4c.sql": 0.03581094741821289, "5a.sql": 0.15942120552062988, "5c.sql": 0.03578996658325195, "6a.sql": 0.03476381301879883, "6b.sql": 1.5173156261444092, "6c.sql": 0.0363767147064209, "6d.sql": 1.4138779640197754, "7a.sql": 0.9554498195648193, "7b.sql": 1.5627565383911133, "8b.sql": 0.3878357410430908, "8c.sql": 0.0359797477722168, "8d.sql": 0.03582167625427246, "9a.sql": 1.7758207321166992, "9b.sql": 1.5485105514526367, "9d.sql": 2.740016460418701}