{"10a.sql": 0.03528761863708496, "10b.sql": 0.03515934944152832, "10c.sql": 1.6239397525787354, "11a.sql": 0.1291813850402832, "11b.sql": 0.11014056205749512, "11c.sql": 0.26195597648620605, "11d.sql": 0.24436068534851074, "12a.sql": 1.7679219245910645, "12b.sql": 0.1674201488494873, "12c.sql": 0.8348071575164795, "13a.sql": 1.8396227359771729, "13b.sql": 0.03831672668457031, "13c.sql": 0.036289215087890625, "13d.sql": 0.7248208522796631, "14a.sql": 0.41900038719177246, "14b.sql": 0.22931885719299316, "15a.sql": 0.39534425735473633, "15b.sql": 0.08987188339233398, "15c.sql": 0.03696012496948242, "16b.sql": 2.0333030223846436, "16c.sql": 0.0365145206451416, "16d.sql": 1.1047139167785645, "17a.sql": 0.03772282600402832, "17b.sql": 1.8286304473876953, "17c.sql": 0.03677201271057129, "17d.sql": 2.2482802867889404, "17e.sql": 0.0357661247253418, "17f.sql": 0.03581643104553223, "18a.sql": 0.7461299896240234, "18b.sql": 0.036505699157714844, "18c.sql": 4.240187883377075, "19a.sql": 0.03716683387756348, "19b.sql": 0.16394376754760742, "19c.sql": 2.382009983062744, "19d.sql": 4.41929030418396, "1a.sql": 0.2823061943054199, "1b.sql": 0.03751373291015625, "1c.sql": 0.2093513011932373, "1d.sql": 0.03593802452087402, "20a.sql": 0.036646127700805664, "20b.sql": 1.708012342453003, "20c.sql": 2.2769970893859863, "21a.sql": 2.0980451107025146, "21b.sql": 1.3530278205871582, "21c.sql": 1.0393500328063965, "22a.sql": 0.5574064254760742, "22b.sql": 0.4211888313293457, "22c.sql": 1.8186235427856445, "23a.sql": 0.2504432201385498, "23b.sql": 0.13949871063232422, "23c.sql": 0.3551468849182129, "24a.sql": 0.03786754608154297, "24b.sql": 0.03638005256652832, "25a.sql": 0.035216569900512695, "25b.sql": 2.165343761444092, "25c.sql": 4.712798833847046, "26b.sql": 0.3616752624511719, "26c.sql": 4.757395505905151, "27a.sql": 0.038098812103271484, "27b.sql": 0.035478830337524414, "27c.sql": 0.1627795696258545, "28a.sql": 1.3097681999206543, "28b.sql": 1.2242612838745117, "28c.sql": 2.7231593132019043, "29a.sql": 0.49356937408447266, "29b.sql": 0.03738975524902344, "29c.sql": 4.879169464111328, "2a.sql": 0.4365074634552002, "2b.sql": 0.03643989562988281, "2d.sql": 0.03574180603027344, "30a.sql": 1.3074374198913574, "30c.sql": 2.831669569015503, "31b.sql": 0.038249969482421875, "31c.sql": 1.0826494693756104, "32a.sql": 0.17939138412475586, "32b.sql": 0.3794534206390381, "33a.sql": 0.03741049766540527, "33b.sql": 0.13237452507019043, "33c.sql": 0.2005774974822998, "3a.sql": 0.0369722843170166, "3b.sql": 0.17312312126159668, "3c.sql": 0.34846019744873047, "4b.sql": 0.17123961448669434, "4c.sql": 0.186845064163208, "5a.sql": 0.16155219078063965, "5b.sql": 0.14266753196716309, "5c.sql": 0.32543015480041504, "6a.sql": 1.3590283393859863, "6b.sql": 1.5095255374908447, "6c.sql": 1.4736087322235107, "6d.sql": 1.407541275024414, "6e.sql": 1.3717408180236816, "6f.sql": 0.03697085380554199, "7a.sql": 0.036538124084472656, "7b.sql": 1.554276466369629, "7c.sql": 2.8315041065216064, "8a.sql": 2.5524909496307373, "8b.sql": 0.18356633186340332, "8c.sql": 2.9384946823120117, "8d.sql": 2.4322311878204346, "9c.sql": 0.038056135177612305, "9d.sql": 2.7699179649353027}