{"10c.sql": 7.624831438064575, "11b.sql": 0.0401608943939209, "11c.sql": 0.036098480224609375, "13a.sql": 1.0455739498138428, "13c.sql": 0.03885364532470703, "13d.sql": 7.76102614402771, "14a.sql": 0.4267294406890869, "14c.sql": 1.6173489093780518, "15c.sql": 0.03836655616760254, "15d.sql": 0.03734898567199707, "16d.sql": 1.113769769668579, "17a.sql": 0.03961944580078125, "17b.sql": 0.036607980728149414, "17c.sql": 0.03546571731567383, "17e.sql": 0.03699755668640137, "18a.sql": 7.827655792236328, "19a.sql": 0.039968252182006836, "19b.sql": 0.16458511352539062, "19d.sql": 7.968074560165405, "1d.sql": 0.039780378341674805, "20b.sql": 0.03641676902770996, "21c.sql": 0.036133527755737305, "22d.sql": 2.456861734390259, "23b.sql": 0.03834676742553711, "23c.sql": 0.3607218265533447, "26a.sql": 0.8152270317077637, "26b.sql": 0.24507856369018555, "27a.sql": 0.03803753852844238, "27b.sql": 0.10204744338989258, "28b.sql": 0.5186128616333008, "28c.sql": 2.104524850845337, "29b.sql": 0.0389866828918457, "2c.sql": 0.03646683692932129, "30b.sql": 0.36572718620300293, "31a.sql": 0.038522958755493164, "31c.sql": 2.8916847705841064, "32a.sql": 0.18399620056152344, "33a.sql": 0.12467837333679199, "3b.sql": 0.03713726997375488, "4b.sql": 0.16820454597473145, "4c.sql": 0.18183565139770508, "6a.sql": 0.03815150260925293, "7a.sql": 0.9629573822021484, "8b.sql": 0.38993239402770996, "8c.sql": 0.03791928291320801, "9a.sql": 0.25446438789367676}