{"q10-001.sql": 0.02067708969116211, "q10-002.sql": 0.0202484130859375, "q10-003.sql": 0.02021503448486328, "q10-004.sql": 0.020647525787353516, "q10-005.sql": 0.020422935485839844, "q10-006.sql": 0.020895719528198242, "q10-007.sql": 0.020899295806884766, "q10-008.sql": 0.02090764045715332, "q10-009.sql": 0.020243167877197266, "q10-010.sql": 0.020543813705444336, "q10-011.sql": 0.019989490509033203, "q10-012.sql": 0.020331382751464844, "q10-013.sql": 0.02048516273498535, "q10-014.sql": 0.02017068862915039, "q10-015.sql": 0.020491838455200195, "q10-016.sql": 0.02029252052307129, "q10-017.sql": 0.02014303207397461, "q10-018.sql": 0.020433425903320312, "q10-019.sql": 0.020598173141479492, "q10-020.sql": 0.020542383193969727, "q10-021.sql": 0.02033376693725586, "q10-022.sql": 0.0208585262298584, "q10-023.sql": 0.02066946029663086, "q10-024.sql": 0.020687103271484375, "q10-026.sql": 0.020209789276123047, "q10-027.sql": 0.020250558853149414, "q10-029.sql": 0.02068495750427246, "q10-030.sql": 0.020441770553588867, "q10-031.sql": 0.0206301212310791, "q10-032.sql": 0.02104926109313965, "q10-033.sql": 0.02022719383239746, "q10-034.sql": 0.020339488983154297, "q10-036.sql": 0.020029783248901367, "q10-037.sql": 0.02013254165649414, "q10-038.sql": 0.020712614059448242, "q10-039.sql": 0.021131038665771484, "q10-040.sql": 0.020734786987304688, "q10-042.sql": 0.02048802375793457, "q10-043.sql": 0.02076411247253418, "q10-044.sql": 0.02071094512939453, "q10-045.sql": 0.021090984344482422, "q10-046.sql": 0.020609378814697266, "q10-047.sql": 0.02052164077758789, "q10-048.sql": 0.020578622817993164, "q10-049.sql": 0.0203704833984375, "q10-050.sql": 0.02057170867919922, "q10-051.sql": 0.020749568939208984, "q10-052.sql": 0.02062702178955078, "q10-053.sql": 0.020558834075927734, "q10-054.sql": 0.020409107208251953, "q10-055.sql": 0.020556211471557617, "q10-056.sql": 0.0204470157623291, "q10-057.sql": 0.020549535751342773, "q10-058.sql": 0.02103877067565918, "q10-059.sql": 0.02090144157409668, "q10-060.sql": 0.020607471466064453, "q10-061.sql": 0.02033829689025879, "q10-062.sql": 0.020529508590698242, "q10-063.sql": 0.02062535285949707, "q10-064.sql": 0.020864486694335938, "q10-065.sql": 0.020530223846435547, "q10-066.sql": 0.020401716232299805, "q10-067.sql": 0.020640134811401367, "q10-068.sql": 0.02027750015258789, "q10-069.sql": 0.02039480209350586, "q10-071.sql": 0.02057337760925293, "q10-072.sql": 0.020689725875854492, "q10-073.sql": 0.02093505859375, "q10-074.sql": 0.020867586135864258, "q10-075.sql": 0.020876646041870117, "q10-077.sql": 0.02054119110107422, "q10-078.sql": 0.020709753036499023, "q10-079.sql": 0.02049708366394043, "q10-080.sql": 0.0204315185546875, "q10-081.sql": 0.02052783966064453, "q10-082.sql": 0.020424365997314453, "q10-083.sql": 0.020270586013793945, "q10-085.sql": 0.02068161964416504, "q10-087.sql": 0.02049875259399414, "q10-088.sql": 0.021107912063598633, "q10-089.sql": 0.020981550216674805, "q10-090.sql": 0.02117753028869629, "q10-091.sql": 0.02136516571044922, "q10-092.sql": 0.021063566207885742, "q10-093.sql": 0.020991802215576172, "q10-094.sql": 0.02084803581237793, "q10-095.sql": 0.02074289321899414, "q10-096.sql": 0.02088642120361328, "q10-098.sql": 0.020963191986083984, "q10-099.sql": 0.02093362808227539}