{"10b.sql": 0.03640389442443848, "10c.sql": 7.538140773773193, "11a.sql": 0.13390898704528809, "12c.sql": 1.9878919124603271, "13a.sql": 0.03881430625915527, "13c.sql": 0.03690457344055176, "15b.sql": 0.03625798225402832, "15d.sql": 0.5870344638824463, "16c.sql": 0.038959503173828125, "17c.sql": 0.037209510803222656, "17d.sql": 2.398519277572632, "18a.sql": 7.666761159896851, "18c.sql": 7.779171466827393, "19a.sql": 2.4777004718780518, "19b.sql": 0.16627287864685059, "19c.sql": 3.237478733062744, "1c.sql": 0.037502288818359375, "20a.sql": 3.0016090869903564, "20b.sql": 0.03926205635070801, "21a.sql": 0.1458601951599121, "21c.sql": 0.12743377685546875, "22a.sql": 1.361607551574707, "22b.sql": 1.321310043334961, "22d.sql": 2.4840846061706543, "23b.sql": 0.14137482643127441, "23c.sql": 0.35939550399780273, "24a.sql": 2.6825828552246094, "25a.sql": 2.343895196914673, "25c.sql": 7.944223880767822, "27a.sql": 0.04041028022766113, "28a.sql": 1.869424819946289, "28b.sql": 1.3346073627471924, "28c.sql": 1.8483777046203613, "29a.sql": 0.23184609413146973, "2a.sql": 0.41528964042663574, "30a.sql": 1.3125159740447998, "31b.sql": 0.0378718376159668, "31c.sql": 1.0792052745819092, "32b.sql": 0.3814084529876709, "33c.sql": 0.20789003372192383, "3b.sql": 0.03752708435058594, "4a.sql": 0.19817304611206055, "4c.sql": 0.2120358943939209, "5a.sql": 0.21162700653076172, "5b.sql": 0.1965489387512207, "5c.sql": 0.24531197547912598, "6a.sql": 0.10159015655517578, "6c.sql": 0.03762412071228027, "6e.sql": 1.3704864978790283, "6f.sql": 7.9769227504730225, "7a.sql": 0.962378740310669, "7b.sql": 1.5649001598358154, "8c.sql": 2.9558002948760986, "8d.sql": 2.441122531890869, "9a.sql": 0.2611203193664551, "9b.sql": 0.038703203201293945, "9c.sql": 0.03699851036071777}