{"10c.sql": 9.906421661376953, "11c.sql": 0.040802001953125, "13a.sql": 1.039982795715332, "13c.sql": 0.03918623924255371, "13d.sql": 0.037882089614868164, "14c.sql": 0.7327570915222168, "15c.sql": 0.5288212299346924, "15d.sql": 0.5900945663452148, "16d.sql": 1.1143553256988525, "17a.sql": 0.03984236717224121, "17b.sql": 0.037534475326538086, "19a.sql": 0.03708529472351074, "19b.sql": 0.1751079559326172, "21c.sql": 0.12780141830444336, "26a.sql": 0.8087635040283203, "29b.sql": 0.03942704200744629, "2c.sql": 0.03773188591003418, "30b.sql": 0.36850476264953613, "33a.sql": 0.12671566009521484, "4b.sql": 0.1744093894958496, "4c.sql": 0.18167901039123535, "8c.sql": 0.037442922592163086, "9a.sql": 0.25159358978271484}