{"11c.sql": 0.03295087814331055, "12a.sql": 0.03255295753479004, "12b.sql": 0.03389334678649902, "15c.sql": 0.03464341163635254, "17a.sql": 0.03559255599975586, "22a.sql": 0.17693686485290527, "22b.sql": 0.03435015678405762, "23c.sql": 0.17620134353637695, "31a.sql": 0.1754159927368164, "32a.sql": 0.035126686096191406, "6f.sql": 0.28267955780029297, "8c.sql": 0.22359657287597656}