{"q10-001.sql": 0.020755290985107422, "q10-002.sql": 0.020613908767700195, "q10-003.sql": 0.02001810073852539, "q10-004.sql": 0.02059316635131836, "q10-005.sql": 0.02105093002319336, "q10-006.sql": 0.02126908302307129, "q10-007.sql": 0.020709514617919922, "q10-008.sql": 0.0209503173828125, "q10-009.sql": 0.020632266998291016, "q10-010.sql": 0.020527124404907227, "q10-011.sql": 0.020580530166625977, "q10-012.sql": 0.02065443992614746, "q10-013.sql": 0.020445823669433594, "q10-014.sql": 0.020862579345703125, "q10-015.sql": 0.02070784568786621, "q10-016.sql": 0.020579099655151367, "q10-017.sql": 0.020153045654296875, "q10-018.sql": 0.020273208618164062, "q10-019.sql": 0.020880937576293945, "q10-020.sql": 0.020476818084716797, "q10-021.sql": 0.020779848098754883, "q10-022.sql": 0.020307540893554688, "q10-023.sql": 0.02038741111755371, "q10-024.sql": 0.02079296112060547, "q10-026.sql": 0.020186185836791992, "q10-027.sql": 0.020312786102294922, "q10-029.sql": 0.020821094512939453, "q10-030.sql": 0.02056431770324707, "q10-031.sql": 0.020900249481201172, "q10-032.sql": 0.020540952682495117, "q10-033.sql": 0.02061772346496582, "q10-034.sql": 0.02060723304748535, "q10-036.sql": 0.020605802536010742, "q10-037.sql": 0.020989179611206055, "q10-038.sql": 0.02096080780029297, "q10-039.sql": 0.020992040634155273, "q10-040.sql": 0.020725250244140625, "q10-042.sql": 0.020679950714111328, "q10-043.sql": 0.02062821388244629, "q10-044.sql": 0.02067089080810547, "q10-045.sql": 0.020461082458496094, "q10-046.sql": 0.020572423934936523, "q10-047.sql": 0.020569801330566406, "q10-048.sql": 0.020690202713012695, "q10-049.sql": 0.02043461799621582, "q10-050.sql": 0.02039313316345215, "q10-051.sql": 0.020173072814941406, "q10-052.sql": 0.020798683166503906, "q10-053.sql": 0.020514726638793945, "q10-054.sql": 0.020819425582885742, "q10-055.sql": 0.020931005477905273, "q10-056.sql": 0.020580053329467773, "q10-057.sql": 0.020290613174438477, "q10-058.sql": 0.020607709884643555, "q10-059.sql": 0.020423173904418945, "q10-060.sql": 0.020562410354614258, "q10-061.sql": 0.020575284957885742, "q10-062.sql": 0.020874738693237305, "q10-063.sql": 0.02019643783569336, "q10-064.sql": 0.02042365074157715, "q10-065.sql": 0.020423173904418945, "q10-066.sql": 0.02077960968017578, "q10-067.sql": 0.020817995071411133, "q10-068.sql": 0.020982742309570312, "q10-069.sql": 0.0206606388092041, "q10-071.sql": 0.020586490631103516, "q10-072.sql": 0.020744800567626953, "q10-073.sql": 0.020802974700927734, "q10-074.sql": 0.020639419555664062, "q10-075.sql": 0.020655393600463867, "q10-077.sql": 0.020494461059570312, "q10-078.sql": 0.021082639694213867, "q10-079.sql": 0.020949125289916992, "q10-080.sql": 0.02059030532836914, "q10-081.sql": 0.020511150360107422, "q10-082.sql": 0.020563125610351562, "q10-083.sql": 0.020542144775390625, "q10-085.sql": 0.021069765090942383, "q10-087.sql": 0.02076864242553711, "q10-088.sql": 0.020986557006835938, "q10-089.sql": 0.020531415939331055, "q10-090.sql": 0.020557641983032227, "q10-091.sql": 0.020551443099975586, "q10-092.sql": 0.020603656768798828, "q10-093.sql": 0.020483016967773438, "q10-094.sql": 0.020494699478149414, "q10-095.sql": 0.020668745040893555, "q10-096.sql": 0.020726680755615234, "q10-098.sql": 0.02049732208251953, "q10-099.sql": 0.020522117614746094}