{"q10-001.sql": 0.02098226547241211, "q10-003.sql": 0.02163553237915039, "q10-004.sql": 0.02105545997619629, "q10-005.sql": 0.020710468292236328, "q10-006.sql": 0.020788192749023438, "q10-007.sql": 0.020641565322875977, "q10-008.sql": 0.020581722259521484, "q10-009.sql": 0.020366668701171875, "q10-011.sql": 0.020680665969848633, "q10-012.sql": 0.020739078521728516, "q10-013.sql": 0.020914793014526367, "q10-014.sql": 0.020389556884765625, "q10-015.sql": 0.020474910736083984, "q10-016.sql": 0.02088618278503418, "q10-017.sql": 0.02092742919921875, "q10-018.sql": 0.02099776268005371, "q10-019.sql": 0.021075963973999023, "q10-020.sql": 0.021050453186035156, "q10-021.sql": 0.02064800262451172, "q10-022.sql": 0.02076435089111328, "q10-023.sql": 0.020629167556762695, "q10-024.sql": 0.020722389221191406, "q10-025.sql": 0.02059483528137207, "q10-026.sql": 0.020705461502075195, "q10-027.sql": 0.020548582077026367, "q10-028.sql": 0.020864009857177734, "q10-029.sql": 0.020572185516357422, "q10-030.sql": 0.020658016204833984, "q10-031.sql": 0.020786285400390625, "q10-032.sql": 0.02064371109008789, "q10-033.sql": 0.020952463150024414, "q10-034.sql": 0.021217823028564453, "q10-035.sql": 0.021137237548828125, "q10-036.sql": 0.020986318588256836, "q10-037.sql": 0.020853757858276367, "q10-038.sql": 0.020773887634277344, "q10-039.sql": 0.020676851272583008, "q10-040.sql": 0.020702123641967773, "q10-041.sql": 0.020764589309692383, "q10-042.sql": 0.02093982696533203, "q10-043.sql": 0.020418405532836914, "q10-044.sql": 0.020657777786254883, "q10-045.sql": 0.02060723304748535, "q10-046.sql": 0.020719528198242188, "q10-048.sql": 0.020728588104248047, "q10-049.sql": 0.02096390724182129, "q10-050.sql": 0.02112865447998047, "q10-052.sql": 0.020688295364379883, "q10-053.sql": 0.02089524269104004, "q10-054.sql": 0.020665407180786133, "q10-055.sql": 0.020805835723876953, "q10-057.sql": 0.020714998245239258, "q10-058.sql": 0.020608186721801758, "q10-060.sql": 0.0207822322845459, "q10-061.sql": 0.020915746688842773, "q10-062.sql": 0.020647525787353516, "q10-063.sql": 0.02062082290649414, "q10-064.sql": 0.020658493041992188, "q10-065.sql": 0.02068638801574707, "q10-066.sql": 0.020783185958862305, "q10-067.sql": 0.02101898193359375, "q10-068.sql": 0.020997047424316406, "q10-069.sql": 0.020891427993774414, "q10-071.sql": 0.02102184295654297, "q10-072.sql": 0.020680665969848633, "q10-074.sql": 0.021059751510620117, "q10-075.sql": 0.020938396453857422, "q10-076.sql": 0.02083873748779297, "q10-077.sql": 0.020768404006958008, "q10-078.sql": 0.020529985427856445, "q10-079.sql": 0.020802736282348633, "q10-080.sql": 0.020846128463745117, "q10-081.sql": 0.020815372467041016, "q10-082.sql": 0.020781993865966797, "q10-083.sql": 0.021126270294189453, "q10-084.sql": 0.020918846130371094, "q10-085.sql": 0.021086692810058594, "q10-086.sql": 0.020812511444091797, "q10-087.sql": 0.020644426345825195, "q10-089.sql": 0.020713329315185547, "q10-090.sql": 0.020774364471435547, "q10-091.sql": 0.020554065704345703, "q10-092.sql": 0.020725488662719727, "q10-093.sql": 0.020336389541625977, "q10-094.sql": 0.020779848098754883, "q10-095.sql": 0.020892620086669922, "q10-096.sql": 0.020757198333740234, "q10-097.sql": 0.020910263061523438, "q10-098.sql": 0.02091193199157715, "q10-100.sql": 0.0208587646484375}