{"10c.sql": 0.17573285102844238, "11c.sql": 0.03421473503112793, "13a.sql": 0.03449559211730957, "13c.sql": 0.03406834602355957, "13d.sql": 0.03452253341674805, "14a.sql": 0.03454732894897461, "14c.sql": 0.0346376895904541, "15c.sql": 0.17416882514953613, "15d.sql": 0.2276918888092041, "16d.sql": 0.03463149070739746, "17a.sql": 0.03503274917602539, "17b.sql": 0.03509640693664551, "17e.sql": 0.22572946548461914, "19a.sql": 0.03484773635864258, "19b.sql": 0.0350034236907959, "21c.sql": 0.07584667205810547, "22d.sql": 0.22530150413513184, "23b.sql": 0.034380197525024414, "23c.sql": 0.03481602668762207, "26a.sql": 0.17786216735839844, "27a.sql": 0.03481483459472656, "27b.sql": 0.03492259979248047, "28c.sql": 0.03493762016296387, "29b.sql": 0.03400397300720215, "2c.sql": 0.03393673896789551, "30b.sql": 0.034755706787109375, "31c.sql": 0.17951202392578125, "33a.sql": 0.034041643142700195, "4b.sql": 0.033754825592041016, "4c.sql": 0.03460550308227539, "7a.sql": 0.034879446029663086, "8b.sql": 0.03471875190734863, "8c.sql": 0.17777729034423828, "9a.sql": 2.7744743824005127}