{"11b.sql": 0.035508155822753906, "11c.sql": 0.03521990776062012, "12a.sql": 0.03548860549926758, "12b.sql": 0.035573482513427734, "12c.sql": 0.034256696701049805, "13a.sql": 0.034765005111694336, "13c.sql": 0.03553438186645508, "14c.sql": 0.1738753318786621, "15a.sql": 0.17246603965759277, "15c.sql": 0.03577542304992676, "16a.sql": 0.0344083309173584, "17a.sql": 0.03470945358276367, "17d.sql": 0.18267512321472168, "17f.sql": 0.03473711013793945, "18c.sql": 0.17252564430236816, "19b.sql": 0.03496503829956055, "19d.sql": 0.17294812202453613, "1a.sql": 0.0740213394165039, "1d.sql": 0.03543496131896973, "20a.sql": 0.1711723804473877, "21a.sql": 0.0350341796875, "22a.sql": 0.03546857833862305, "22b.sql": 0.03422737121582031, "22d.sql": 0.03473234176635742, "23a.sql": 0.03464698791503906, "23b.sql": 0.03440070152282715, "23c.sql": 0.034877777099609375, "24a.sql": 0.03397321701049805, "24b.sql": 0.034209489822387695, "26a.sql": 0.03456687927246094, "26b.sql": 0.03472161293029785, "26c.sql": 0.03469991683959961, "27a.sql": 0.034928083419799805, "29b.sql": 0.03423810005187988, "29c.sql": 0.034709930419921875, "2b.sql": 0.17504572868347168, "2c.sql": 0.03499126434326172, "31a.sql": 0.03386998176574707, "31b.sql": 0.03398489952087402, "31c.sql": 0.0343935489654541, "32a.sql": 0.03408408164978027, "33a.sql": 0.03427743911743164, "33c.sql": 0.035027503967285156, "3b.sql": 0.0350799560546875, "3c.sql": 0.03376030921936035, "4a.sql": 0.0346827507019043, "4b.sql": 0.03403639793395996, "4c.sql": 0.0340723991394043, "5a.sql": 0.17352056503295898, "6c.sql": 0.03483915328979492, "6d.sql": 0.1694042682647705, "6e.sql": 0.03454446792602539, "6f.sql": 0.21456360816955566, "7c.sql": 1.1795542240142822, "8c.sql": 0.2205817699432373, "9a.sql": 0.03389883041381836, "9b.sql": 0.034629106521606445}