{"q10-001.sql": 0.021310091018676758, "q10-002.sql": 0.020601987838745117, "q10-003.sql": 0.02056884765625, "q10-004.sql": 0.020756244659423828, "q10-005.sql": 0.02085709571838379, "q10-006.sql": 0.020992279052734375, "q10-007.sql": 0.020723581314086914, "q10-008.sql": 0.0204317569732666, "q10-009.sql": 0.020575284957885742, "q10-010.sql": 0.020394325256347656, "q10-011.sql": 0.020974159240722656, "q10-012.sql": 0.02084040641784668, "q10-013.sql": 0.02063727378845215, "q10-014.sql": 0.02038741111755371, "q10-015.sql": 0.020697593688964844, "q10-016.sql": 0.02078843116760254, "q10-017.sql": 0.020581722259521484, "q10-018.sql": 0.02105093002319336, "q10-019.sql": 0.020843029022216797, "q10-020.sql": 0.02105426788330078, "q10-021.sql": 0.020887136459350586, "q10-022.sql": 0.020689010620117188, "q10-023.sql": 0.020459413528442383, "q10-024.sql": 0.02074742317199707, "q10-026.sql": 0.020946025848388672, "q10-027.sql": 0.02056121826171875, "q10-029.sql": 0.020882844924926758, "q10-030.sql": 0.020400524139404297, "q10-031.sql": 0.02039051055908203, "q10-032.sql": 0.021004199981689453, "q10-033.sql": 0.020848512649536133, "q10-034.sql": 0.020852327346801758, "q10-036.sql": 0.02073526382446289, "q10-037.sql": 0.020879268646240234, "q10-038.sql": 0.020924091339111328, "q10-039.sql": 0.020584821701049805, "q10-040.sql": 0.020612716674804688, "q10-042.sql": 0.02054738998413086, "q10-043.sql": 0.020891427993774414, "q10-044.sql": 0.020830631256103516, "q10-045.sql": 0.020732641220092773, "q10-046.sql": 0.020413637161254883, "q10-047.sql": 0.020673513412475586, "q10-048.sql": 0.02029132843017578, "q10-049.sql": 0.020895957946777344, "q10-050.sql": 0.020626544952392578, "q10-051.sql": 0.02081918716430664, "q10-052.sql": 0.020922183990478516, "q10-053.sql": 0.02080225944519043, "q10-054.sql": 0.02053380012512207, "q10-055.sql": 0.020620107650756836, "q10-056.sql": 0.02043318748474121, "q10-057.sql": 0.020648717880249023, "q10-058.sql": 0.02088165283203125, "q10-059.sql": 0.020795822143554688, "q10-060.sql": 0.020776987075805664, "q10-061.sql": 0.020561933517456055, "q10-062.sql": 0.020688295364379883, "q10-063.sql": 0.02089667320251465, "q10-064.sql": 0.02059650421142578, "q10-065.sql": 0.020621299743652344, "q10-066.sql": 0.02095794677734375, "q10-067.sql": 0.02087259292602539, "q10-068.sql": 0.020841360092163086, "q10-069.sql": 0.02084970474243164, "q10-071.sql": 0.02031540870666504, "q10-072.sql": 0.02069401741027832, "q10-073.sql": 0.020519495010375977, "q10-074.sql": 0.020805835723876953, "q10-075.sql": 0.020682573318481445, "q10-077.sql": 0.020724773406982422, "q10-078.sql": 0.020370006561279297, "q10-079.sql": 0.02071356773376465, "q10-080.sql": 0.020566940307617188, "q10-081.sql": 0.020889997482299805, "q10-082.sql": 0.020620107650756836, "q10-083.sql": 0.020770788192749023, "q10-085.sql": 0.021067380905151367, "q10-087.sql": 0.020910978317260742, "q10-088.sql": 0.020534753799438477, "q10-089.sql": 0.02046489715576172, "q10-090.sql": 0.02053689956665039, "q10-091.sql": 0.020971059799194336, "q10-092.sql": 0.02064824104309082, "q10-093.sql": 0.020618915557861328, "q10-094.sql": 0.020903348922729492, "q10-095.sql": 0.02054142951965332, "q10-096.sql": 0.020709753036499023, "q10-098.sql": 0.020413875579833984, "q10-099.sql": 0.020687103271484375}