{"10a.sql": 0.7067446708679199, "10b.sql": 0.20713376998901367, "11a.sql": 0.10992956161499023, "11b.sql": 0.09905338287353516, "11c.sql": 0.26375770568847656, "11d.sql": 0.20285868644714355, "12a.sql": 1.34442138671875, "12b.sql": 1.0650601387023926, "12c.sql": 1.5372514724731445, "13a.sql": 1.1503136157989502, "13b.sql": 1.2848501205444336, "13c.sql": 1.1835072040557861, "13d.sql": 3.473206043243408, "14a.sql": 1.5905215740203857, "14b.sql": 1.5083794593811035, "14c.sql": 1.6130359172821045, "15a.sql": 0.2998530864715576, "15b.sql": 0.03822016716003418, "15c.sql": 0.5310602188110352, "15d.sql": 0.5919969081878662, "16a.sql": 1.9908709526062012, "16b.sql": 0.6065738201141357, "16c.sql": 2.5616064071655273, "16d.sql": 2.525008201599121, "17a.sql": 0.03726601600646973, "17b.sql": 0.035361289978027344, "17c.sql": 0.035237789154052734, "17f.sql": 2.367316246032715, "18a.sql": 4.2105553150177, "18b.sql": 2.198815107345581, "18c.sql": 0.03734469413757324, "19a.sql": 0.795982837677002, "19b.sql": 0.49959802627563477, "19d.sql": 4.272048711776733, "1a.sql": 0.037153005599975586, "1b.sql": 0.035475730895996094, "1c.sql": 0.03495502471923828, "1d.sql": 0.0354609489440918, "20b.sql": 0.035741567611694336, "20c.sql": 2.034076690673828, "21a.sql": 0.12546849250793457, "21c.sql": 0.0370786190032959, "22a.sql": 1.3183200359344482, "22b.sql": 1.309887409210205, "22d.sql": 2.4735682010650635, "23a.sql": 0.8418292999267578, "23b.sql": 1.1361398696899414, "23c.sql": 1.1705799102783203, "24a.sql": 0.037520408630371094, "24b.sql": 0.15923380851745605, "25a.sql": 0.03739333152770996, "25b.sql": 2.164708137512207, "25c.sql": 0.0372004508972168, "26a.sql": 4.543097734451294, "26b.sql": 0.36747193336486816, "26c.sql": 2.4875152111053467, "27a.sql": 0.13074398040771484, "27b.sql": 0.09553813934326172, "27c.sql": 0.11085295677185059, "28a.sql": 1.8600969314575195, "28b.sql": 0.825782060623169, "28c.sql": 1.9688730239868164, "29a.sql": 0.1923363208770752, "29b.sql": 0.1531972885131836, "29c.sql": 0.7606446743011475, "2a.sql": 0.4140336513519287, "2b.sql": 0.037223100662231445, "2c.sql": 0.03606867790222168, "2d.sql": 0.034784793853759766, "30a.sql": 2.597682237625122, "30b.sql": 2.4329464435577393, "30c.sql": 2.8214704990386963, "31a.sql": 2.6071901321411133, "31b.sql": 2.5103604793548584, "31c.sql": 4.575878858566284, "32b.sql": 0.29964423179626465, "33a.sql": 0.7688775062561035, "33b.sql": 0.5973696708679199, "33c.sql": 0.8111138343811035, "3a.sql": 1.3181443214416504, "3b.sql": 0.7125804424285889, "3c.sql": 1.0491023063659668, "4a.sql": 0.18165922164916992, "4b.sql": 0.17014527320861816, "4c.sql": 0.19707965850830078, "5b.sql": 0.037958383560180664, "5c.sql": 0.03684520721435547, "6a.sql": 1.3698809146881104, "6b.sql": 1.5204057693481445, "6c.sql": 1.4785220623016357, "6d.sql": 1.4150197505950928, "6e.sql": 1.3777196407318115, "7a.sql": 0.9553349018096924, "7b.sql": 1.566035270690918, "7c.sql": 2.3974204063415527, "8a.sql": 0.03779339790344238, "8c.sql": 2.9488320350646973, "8d.sql": 2.4307022094726562, "9a.sql": 1.773641586303711, "9b.sql": 0.03724360466003418, "9c.sql": 1.7096328735351562, "9d.sql": 2.7750742435455322}