{"11a.sql": 0.03502011299133301, "13d.sql": 0.07348227500915527, "15c.sql": 0.03524470329284668, "16b.sql": 0.03445029258728027, "16d.sql": 0.0341334342956543, "17b.sql": 0.03511857986450195, "24a.sql": 0.034348249435424805, "25a.sql": 0.03455686569213867, "27a.sql": 0.03492259979248047, "2a.sql": 0.1774454116821289, "4b.sql": 0.16901302337646484, "9b.sql": 0.03551530838012695}