{"q10-001.sql": 0.02081012725830078, "q10-002.sql": 0.02086925506591797, "q10-003.sql": 0.02084660530090332, "q10-004.sql": 0.02051854133605957, "q10-005.sql": 0.02087879180908203, "q10-006.sql": 0.020675182342529297, "q10-007.sql": 0.020890235900878906, "q10-008.sql": 0.02050495147705078, "q10-009.sql": 0.020306825637817383, "q10-010.sql": 0.020516633987426758, "q10-011.sql": 0.020547866821289062, "q10-012.sql": 0.020552873611450195, "q10-013.sql": 0.02057647705078125, "q10-014.sql": 0.02043318748474121, "q10-015.sql": 0.020513057708740234, "q10-016.sql": 0.020612001419067383, "q10-017.sql": 0.020455360412597656, "q10-018.sql": 0.02068305015563965, "q10-019.sql": 0.020411014556884766, "q10-020.sql": 0.02080988883972168, "q10-021.sql": 0.020521163940429688, "q10-022.sql": 0.02026653289794922, "q10-023.sql": 0.020622730255126953, "q10-024.sql": 0.02058863639831543, "q10-026.sql": 0.02054119110107422, "q10-027.sql": 0.020327329635620117, "q10-029.sql": 0.020618915557861328, "q10-030.sql": 0.02058100700378418, "q10-031.sql": 0.020395517349243164, "q10-032.sql": 0.020636320114135742, "q10-033.sql": 0.020360231399536133, "q10-034.sql": 0.020600557327270508, "q10-036.sql": 0.020323753356933594, "q10-037.sql": 0.020774126052856445, "q10-038.sql": 0.020659446716308594, "q10-039.sql": 0.020437955856323242, "q10-040.sql": 0.020369529724121094, "q10-042.sql": 0.020578861236572266, "q10-043.sql": 0.020595788955688477, "q10-044.sql": 0.020630836486816406, "q10-045.sql": 0.01999807357788086, "q10-046.sql": 0.02060103416442871, "q10-047.sql": 0.020760774612426758, "q10-048.sql": 0.020509719848632812, "q10-049.sql": 0.02034449577331543, "q10-050.sql": 0.020594120025634766, "q10-051.sql": 0.02031707763671875, "q10-052.sql": 0.020148515701293945, "q10-053.sql": 0.020862102508544922, "q10-054.sql": 0.02065753936767578, "q10-055.sql": 0.020519495010375977, "q10-056.sql": 0.02055978775024414, "q10-057.sql": 0.02006077766418457, "q10-058.sql": 0.020637035369873047, "q10-059.sql": 0.02034902572631836, "q10-060.sql": 0.0204007625579834, "q10-061.sql": 0.020456790924072266, "q10-062.sql": 0.02019524574279785, "q10-063.sql": 0.020672082901000977, "q10-064.sql": 0.020296335220336914, "q10-065.sql": 0.020341157913208008, "q10-066.sql": 0.020493745803833008, "q10-067.sql": 0.02028203010559082, "q10-068.sql": 0.020910263061523438, "q10-069.sql": 0.020543813705444336, "q10-071.sql": 0.020316123962402344, "q10-072.sql": 0.020607709884643555, "q10-073.sql": 0.020291566848754883, "q10-074.sql": 0.020114898681640625, "q10-075.sql": 0.02051687240600586, "q10-077.sql": 0.02034139633178711, "q10-078.sql": 0.020674467086791992, "q10-079.sql": 0.020643949508666992, "q10-080.sql": 0.020489931106567383, "q10-081.sql": 0.02050948143005371, "q10-082.sql": 0.020536184310913086, "q10-083.sql": 0.020435333251953125, "q10-085.sql": 0.0206606388092041, "q10-087.sql": 0.02037501335144043, "q10-088.sql": 0.020525693893432617, "q10-089.sql": 0.020641803741455078, "q10-090.sql": 0.020356416702270508, "q10-091.sql": 0.020812273025512695, "q10-092.sql": 0.02061295509338379, "q10-093.sql": 0.0204927921295166, "q10-094.sql": 0.020644426345825195, "q10-095.sql": 0.020381689071655273, "q10-096.sql": 0.02051687240600586, "q10-098.sql": 0.02060389518737793, "q10-099.sql": 0.020211219787597656}