{"q10-001.sql": 0.02115154266357422, "q10-002.sql": 0.02078080177307129, "q10-003.sql": 0.020323991775512695, "q10-004.sql": 0.020020723342895508, "q10-005.sql": 0.020267724990844727, "q10-006.sql": 0.02062392234802246, "q10-007.sql": 0.020603656768798828, "q10-008.sql": 0.020673036575317383, "q10-009.sql": 0.020203590393066406, "q10-010.sql": 0.020936250686645508, "q10-011.sql": 0.020726919174194336, "q10-012.sql": 0.020370006561279297, "q10-013.sql": 0.02037334442138672, "q10-014.sql": 0.02091503143310547, "q10-015.sql": 0.021013259887695312, "q10-016.sql": 0.020865201950073242, "q10-017.sql": 0.02065277099609375, "q10-018.sql": 0.021089792251586914, "q10-019.sql": 0.021063804626464844, "q10-020.sql": 0.020376205444335938, "q10-021.sql": 0.0202028751373291, "q10-022.sql": 0.020652294158935547, "q10-023.sql": 0.020318984985351562, "q10-024.sql": 0.020411252975463867, "q10-026.sql": 0.020786285400390625, "q10-027.sql": 0.020659208297729492, "q10-029.sql": 0.020738601684570312, "q10-030.sql": 0.020706653594970703, "q10-031.sql": 0.02056121826171875, "q10-032.sql": 0.020647764205932617, "q10-033.sql": 0.020373821258544922, "q10-034.sql": 0.020485639572143555, "q10-036.sql": 0.020281076431274414, "q10-037.sql": 0.020325183868408203, "q10-038.sql": 0.020428895950317383, "q10-039.sql": 0.0204317569732666, "q10-040.sql": 0.020551443099975586, "q10-042.sql": 0.020201444625854492, "q10-043.sql": 0.020235300064086914, "q10-044.sql": 0.0203702449798584, "q10-045.sql": 0.02083897590637207, "q10-046.sql": 0.020539283752441406, "q10-047.sql": 0.020822525024414062, "q10-048.sql": 0.02051687240600586, "q10-049.sql": 0.02055668830871582, "q10-050.sql": 0.020961999893188477, "q10-051.sql": 0.020450353622436523, "q10-052.sql": 0.020415306091308594, "q10-053.sql": 0.020300865173339844, "q10-054.sql": 0.020436763763427734, "q10-055.sql": 0.020715713500976562, "q10-056.sql": 0.02027297019958496, "q10-057.sql": 0.02044844627380371, "q10-058.sql": 0.020819902420043945, "q10-059.sql": 0.020160675048828125, "q10-060.sql": 0.02061319351196289, "q10-061.sql": 0.020453929901123047, "q10-062.sql": 0.020904064178466797, "q10-063.sql": 0.021071434020996094, "q10-064.sql": 0.020647764205932617, "q10-065.sql": 0.0207669734954834, "q10-066.sql": 0.020520687103271484, "q10-067.sql": 0.02035069465637207, "q10-068.sql": 0.02040553092956543, "q10-069.sql": 0.020445585250854492, "q10-071.sql": 0.020674467086791992, "q10-072.sql": 0.0208282470703125, "q10-073.sql": 0.020853519439697266, "q10-074.sql": 0.02069401741027832, "q10-075.sql": 0.020328998565673828, "q10-077.sql": 0.020277023315429688, "q10-078.sql": 0.02064061164855957, "q10-079.sql": 0.020842790603637695, "q10-080.sql": 0.020998239517211914, "q10-081.sql": 0.02076268196105957, "q10-082.sql": 0.020506858825683594, "q10-083.sql": 0.020522117614746094, "q10-085.sql": 0.020499229431152344, "q10-087.sql": 0.020472049713134766, "q10-088.sql": 0.020557165145874023, "q10-089.sql": 0.020365476608276367, "q10-090.sql": 0.020131587982177734, "q10-091.sql": 0.02042698860168457, "q10-092.sql": 0.0204317569732666, "q10-093.sql": 0.02067255973815918, "q10-094.sql": 0.0207364559173584, "q10-095.sql": 0.020760774612426758, "q10-096.sql": 0.02063131332397461, "q10-098.sql": 0.02062845230102539, "q10-099.sql": 0.021036624908447266}