{"setup": {"1.sql": 0.037935733795166016, "10.sql": 0.022916078567504883, "11.sql": 0.025373220443725586, "12.sql": 0.019408226013183594, "13.sql": 0.014009714126586914, "14.sql": 0.01740264892578125, "15.sql": 0.0003006458282470703, "16.sql": 0.017751693725585938, "17.sql": 0.014262914657592773, "18.sql": 0.020496129989624023, "19.sql": 0.01619744300842285, "2.sql": 0.0238187313079834, "20.sql": 0.01960444450378418, "21.sql": 0.02606344223022461, "22.sql": 0.0003058910369873047, "3.sql": 0.017003536224365234, "4.sql": 0.01707768440246582, "5.sql": 0.022704362869262695, "6.sql": 0.015728235244750977, "7.sql": 0.00028252601623535156, "8.sql": 0.0003275871276855469, "9.sql": 0.0002799034118652344}, "train-time": 2.263611078262329}