{"10c.sql": 5.493995189666748, "11b.sql": 0.03778195381164551, "11c.sql": 0.24959993362426758, "11d.sql": 0.21792101860046387, "12a.sql": 0.6898796558380127, "13a.sql": 2.1197755336761475, "13b.sql": 0.639378547668457, "13c.sql": 0.6191990375518799, "13d.sql": 5.480096101760864, "14a.sql": 0.42350029945373535, "14b.sql": 0.20861530303955078, "14c.sql": 1.6076974868774414, "15b.sql": 0.037436485290527344, "15c.sql": 0.036708831787109375, "15d.sql": 0.035888671875, "16b.sql": 2.916309118270874, "16c.sql": 0.03830718994140625, "16d.sql": 1.1412150859832764, "17a.sql": 0.039366960525512695, "17b.sql": 0.03723645210266113, "17c.sql": 0.03677630424499512, "17e.sql": 0.03645205497741699, "18a.sql": 2.443413257598877, "19a.sql": 0.2725701332092285, "19b.sql": 3.0616235733032227, "19d.sql": 6.3673224449157715, "1b.sql": 0.08514261245727539, "1d.sql": 0.08244752883911133, "20b.sql": 0.037909746170043945, "21c.sql": 0.12805867195129395, "22a.sql": 0.03760981559753418, "22d.sql": 2.4559361934661865, "23b.sql": 0.037931203842163086, "23c.sql": 0.3570408821105957, "25c.sql": 2.7699382305145264, "26a.sql": 2.275710344314575, "26b.sql": 0.24146270751953125, "26c.sql": 1.8043441772460938, "27a.sql": 0.13644981384277344, "27b.sql": 0.10466575622558594, "27c.sql": 0.1821885108947754, "28b.sql": 0.7262165546417236, "28c.sql": 2.0912623405456543, "29b.sql": 0.037755489349365234, "29c.sql": 0.4594721794128418, "2c.sql": 0.03757357597351074, "2d.sql": 0.036355018615722656, "30a.sql": 6.865091323852539, "30b.sql": 0.3666870594024658, "31a.sql": 2.480055809020996, "31b.sql": 0.686591625213623, "31c.sql": 3.408191204071045, "32a.sql": 0.18236756324768066, "32b.sql": 0.18612265586853027, "33a.sql": 0.24030828475952148, "33c.sql": 0.19876503944396973, "3b.sql": 0.03767085075378418, "3c.sql": 0.03774762153625488, "4b.sql": 0.15619134902954102, "4c.sql": 0.17961359024047852, "6a.sql": 0.07208561897277832, "6c.sql": 0.037275075912475586, "7a.sql": 0.9735293388366699, "8b.sql": 0.3904728889465332, "8c.sql": 2.954557418823242, "8d.sql": 2.43207049369812, "9a.sql": 0.2584090232849121, "9b.sql": 1.482783317565918}