{"10c.sql": 0.17346620559692383, "11c.sql": 0.034442901611328125, "13a.sql": 0.033735036849975586, "13c.sql": 0.034478187561035156, "13d.sql": 0.035314321517944336, "14c.sql": 0.17668628692626953, "15c.sql": 0.1796128749847412, "15d.sql": 0.22901034355163574, "16d.sql": 0.0357203483581543, "17a.sql": 0.0357508659362793, "17b.sql": 0.03624081611633301, "19a.sql": 0.03650212287902832, "19b.sql": 0.03504061698913574, "21c.sql": 0.07499456405639648, "26a.sql": 0.17578458786010742, "29b.sql": 0.036182403564453125, "2c.sql": 0.03603076934814453, "30b.sql": 0.035453081130981445, "33a.sql": 0.0357053279876709, "4b.sql": 0.03546309471130371, "4c.sql": 0.0352330207824707, "8c.sql": 0.2314608097076416, "9a.sql": 2.7625434398651123}