{"q10-001.sql": 0.02088451385498047, "q10-002.sql": 0.0204927921295166, "q10-003.sql": 0.020651578903198242, "q10-004.sql": 0.020298480987548828, "q10-005.sql": 0.020773649215698242, "q10-006.sql": 0.021115541458129883, "q10-007.sql": 0.021012067794799805, "q10-008.sql": 0.021357297897338867, "q10-009.sql": 0.020557403564453125, "q10-010.sql": 0.020799875259399414, "q10-011.sql": 0.020624160766601562, "q10-012.sql": 0.0205230712890625, "q10-013.sql": 0.0206296443939209, "q10-014.sql": 0.020395278930664062, "q10-015.sql": 0.020938634872436523, "q10-016.sql": 0.020755290985107422, "q10-017.sql": 0.020578622817993164, "q10-018.sql": 0.02051568031311035, "q10-019.sql": 0.02024531364440918, "q10-020.sql": 0.021030187606811523, "q10-021.sql": 0.020837783813476562, "q10-022.sql": 0.02071237564086914, "q10-023.sql": 0.02008342742919922, "q10-024.sql": 0.020436525344848633, "q10-026.sql": 0.020706653594970703, "q10-027.sql": 0.020394325256347656, "q10-029.sql": 0.020896434783935547, "q10-030.sql": 0.020524978637695312, "q10-031.sql": 0.02048516273498535, "q10-032.sql": 0.02069568634033203, "q10-033.sql": 0.020461320877075195, "q10-034.sql": 0.020724058151245117, "q10-036.sql": 0.020354270935058594, "q10-037.sql": 0.020502567291259766, "q10-038.sql": 0.021184682846069336, "q10-039.sql": 0.020798683166503906, "q10-040.sql": 0.02082085609436035, "q10-042.sql": 0.020576953887939453, "q10-043.sql": 0.020657062530517578, "q10-044.sql": 0.02038860321044922, "q10-045.sql": 0.020380020141601562, "q10-046.sql": 0.0206301212310791, "q10-047.sql": 0.020569324493408203, "q10-048.sql": 0.020884990692138672, "q10-049.sql": 0.020505905151367188, "q10-050.sql": 0.020384788513183594, "q10-051.sql": 0.020689964294433594, "q10-052.sql": 0.020480871200561523, "q10-053.sql": 0.020860671997070312, "q10-054.sql": 0.021071672439575195, "q10-055.sql": 0.020926713943481445, "q10-056.sql": 0.0206449031829834, "q10-057.sql": 0.020352602005004883, "q10-058.sql": 0.020909786224365234, "q10-059.sql": 0.0206606388092041, "q10-060.sql": 0.020735502243041992, "q10-061.sql": 0.020789384841918945, "q10-062.sql": 0.020125627517700195, "q10-063.sql": 0.02094435691833496, "q10-064.sql": 0.020511388778686523, "q10-065.sql": 0.020572423934936523, "q10-066.sql": 0.0209653377532959, "q10-067.sql": 0.020555973052978516, "q10-068.sql": 0.021290302276611328, "q10-069.sql": 0.020946741104125977, "q10-071.sql": 0.0208890438079834, "q10-072.sql": 0.020884275436401367, "q10-073.sql": 0.020723581314086914, "q10-074.sql": 0.02062535285949707, "q10-075.sql": 0.02035069465637207, "q10-077.sql": 0.02051091194152832, "q10-078.sql": 0.02074885368347168, "q10-079.sql": 0.020777463912963867, "q10-080.sql": 0.020545482635498047, "q10-081.sql": 0.020702362060546875, "q10-082.sql": 0.020659923553466797, "q10-083.sql": 0.020918846130371094, "q10-085.sql": 0.0211184024810791, "q10-087.sql": 0.02107381820678711, "q10-088.sql": 0.020510435104370117, "q10-089.sql": 0.02031230926513672, "q10-090.sql": 0.020553112030029297, "q10-091.sql": 0.02098846435546875, "q10-092.sql": 0.020551681518554688, "q10-093.sql": 0.020567655563354492, "q10-094.sql": 0.02066659927368164, "q10-095.sql": 0.020489215850830078, "q10-096.sql": 0.02053070068359375, "q10-098.sql": 0.020601511001586914, "q10-099.sql": 0.02045297622680664}