{"q10-001.sql": 0.021296024322509766, "q10-002.sql": 0.020640850067138672, "q10-003.sql": 0.020726919174194336, "q10-004.sql": 0.020768165588378906, "q10-005.sql": 0.020806074142456055, "q10-006.sql": 0.020986318588256836, "q10-007.sql": 0.021096229553222656, "q10-008.sql": 0.020714759826660156, "q10-009.sql": 0.020462989807128906, "q10-010.sql": 0.02071976661682129, "q10-011.sql": 0.020851612091064453, "q10-012.sql": 0.020722389221191406, "q10-013.sql": 0.020550966262817383, "q10-014.sql": 0.020677566528320312, "q10-015.sql": 0.019948482513427734, "q10-016.sql": 0.020291805267333984, "q10-017.sql": 0.01996779441833496, "q10-018.sql": 0.020018339157104492, "q10-019.sql": 0.020034074783325195, "q10-020.sql": 0.020725011825561523, "q10-021.sql": 0.02081751823425293, "q10-022.sql": 0.02115917205810547, "q10-023.sql": 0.02061605453491211, "q10-024.sql": 0.02059483528137207, "q10-026.sql": 0.020734786987304688, "q10-027.sql": 0.020868778228759766, "q10-029.sql": 0.020755767822265625, "q10-030.sql": 0.02059769630432129, "q10-031.sql": 0.020733118057250977, "q10-032.sql": 0.020661592483520508, "q10-033.sql": 0.02097487449645996, "q10-034.sql": 0.02086019515991211, "q10-036.sql": 0.020621776580810547, "q10-037.sql": 0.020699739456176758, "q10-038.sql": 0.021364212036132812, "q10-039.sql": 0.02113962173461914, "q10-040.sql": 0.021038055419921875, "q10-042.sql": 0.020607948303222656, "q10-043.sql": 0.020418643951416016, "q10-044.sql": 0.020926475524902344, "q10-045.sql": 0.02066779136657715, "q10-046.sql": 0.020521879196166992, "q10-047.sql": 0.0207059383392334, "q10-048.sql": 0.020714521408081055, "q10-049.sql": 0.021126508712768555, "q10-050.sql": 0.020573139190673828, "q10-051.sql": 0.020818233489990234, "q10-052.sql": 0.02066826820373535, "q10-053.sql": 0.020934104919433594, "q10-054.sql": 0.021247386932373047, "q10-055.sql": 0.021060705184936523, "q10-056.sql": 0.020647764205932617, "q10-057.sql": 0.020757675170898438, "q10-058.sql": 0.020675182342529297, "q10-059.sql": 0.020964384078979492, "q10-060.sql": 0.02072286605834961, "q10-061.sql": 0.020661592483520508, "q10-062.sql": 0.02044081687927246, "q10-063.sql": 0.02093195915222168, "q10-064.sql": 0.020841360092163086, "q10-065.sql": 0.020839214324951172, "q10-066.sql": 0.02055525779724121, "q10-067.sql": 0.020440340042114258, "q10-068.sql": 0.020962238311767578, "q10-069.sql": 0.02071094512939453, "q10-071.sql": 0.02048969268798828, "q10-072.sql": 0.02054142951965332, "q10-073.sql": 0.020570755004882812, "q10-074.sql": 0.02074909210205078, "q10-075.sql": 0.020557880401611328, "q10-077.sql": 0.020720481872558594, "q10-078.sql": 0.020838260650634766, "q10-079.sql": 0.020685672760009766, "q10-080.sql": 0.021043062210083008, "q10-081.sql": 0.020646095275878906, "q10-082.sql": 0.02078413963317871, "q10-083.sql": 0.02083897590637207, "q10-085.sql": 0.020923137664794922, "q10-087.sql": 0.02071213722229004, "q10-088.sql": 0.020977258682250977, "q10-089.sql": 0.02078104019165039, "q10-090.sql": 0.020729541778564453, "q10-091.sql": 0.020944595336914062, "q10-092.sql": 0.0207517147064209, "q10-093.sql": 0.020907163619995117, "q10-094.sql": 0.020597457885742188, "q10-095.sql": 0.020640850067138672, "q10-096.sql": 0.0212249755859375, "q10-098.sql": 0.020694971084594727, "q10-099.sql": 0.021075963973999023}