{"10a.sql": 0.39957141876220703, "11a.sql": 0.11218643188476562, "11b.sql": 0.09871172904968262, "11c.sql": 0.0373997688293457, "12b.sql": 0.03753232955932617, "14a.sql": 0.4251070022583008, "14b.sql": 0.21219420433044434, "15b.sql": 0.08865475654602051, "15c.sql": 0.03790783882141113, "16c.sql": 0.03659772872924805, "16d.sql": 1.1157374382019043, "17a.sql": 0.03888106346130371, "17b.sql": 0.037601470947265625, "17e.sql": 0.03572511672973633, "18c.sql": 0.03590250015258789, "1a.sql": 0.035770416259765625, "20b.sql": 0.03691267967224121, "21a.sql": 0.12193179130554199, "22a.sql": 0.5621693134307861, "22b.sql": 0.42462849617004395, "22c.sql": 1.8249180316925049, "23c.sql": 0.3608865737915039, "26b.sql": 0.3717772960662842, "26c.sql": 1.805450439453125, "27c.sql": 0.03939533233642578, "28a.sql": 0.9381434917449951, "28c.sql": 2.3021111488342285, "29a.sql": 0.16330504417419434, "30a.sql": 1.3116700649261475, "31b.sql": 0.039237022399902344, "31c.sql": 1.0877337455749512, "32b.sql": 0.3842792510986328, "33a.sql": 0.23929452896118164, "33c.sql": 0.2001948356628418, "3c.sql": 0.03722119331359863, "5b.sql": 0.03637981414794922, "5c.sql": 0.0363004207611084, "6a.sql": 0.03675675392150879, "6b.sql": 0.3360114097595215, "6d.sql": 1.4154784679412842, "6e.sql": 0.03680157661437988, "6f.sql": 0.03721737861633301, "8a.sql": 2.552428722381592, "8b.sql": 0.1845405101776123, "8d.sql": 0.03783082962036133, "9d.sql": 2.7439658641815186}