{"q10-001.sql": 0.02130889892578125, "q10-002.sql": 0.021000146865844727, "q10-003.sql": 0.02081751823425293, "q10-004.sql": 0.0207827091217041, "q10-005.sql": 0.020768165588378906, "q10-006.sql": 0.02041339874267578, "q10-007.sql": 0.02087092399597168, "q10-008.sql": 0.020890474319458008, "q10-009.sql": 0.02069091796875, "q10-010.sql": 0.020683765411376953, "q10-011.sql": 0.02100086212158203, "q10-012.sql": 0.020684003829956055, "q10-013.sql": 0.020721435546875, "q10-014.sql": 0.020756959915161133, "q10-015.sql": 0.021192550659179688, "q10-016.sql": 0.02124190330505371, "q10-017.sql": 0.021167993545532227, "q10-018.sql": 0.02096843719482422, "q10-019.sql": 0.020624637603759766, "q10-020.sql": 0.020783185958862305, "q10-021.sql": 0.02119898796081543, "q10-022.sql": 0.02066802978515625, "q10-023.sql": 0.020637989044189453, "q10-024.sql": 0.020795583724975586, "q10-026.sql": 0.02085280418395996, "q10-027.sql": 0.02079296112060547, "q10-029.sql": 0.02078533172607422, "q10-030.sql": 0.02079319953918457, "q10-031.sql": 0.020930051803588867, "q10-032.sql": 0.02097320556640625, "q10-033.sql": 0.020609617233276367, "q10-034.sql": 0.020527362823486328, "q10-036.sql": 0.02065277099609375, "q10-037.sql": 0.02067708969116211, "q10-038.sql": 0.02100062370300293, "q10-039.sql": 0.02040243148803711, "q10-040.sql": 0.020874738693237305, "q10-042.sql": 0.02068352699279785, "q10-043.sql": 0.020876169204711914, "q10-044.sql": 0.021034717559814453, "q10-045.sql": 0.02059316635131836, "q10-046.sql": 0.02086615562438965, "q10-047.sql": 0.021235942840576172, "q10-048.sql": 0.020653247833251953, "q10-049.sql": 0.020699501037597656, "q10-050.sql": 0.02034735679626465, "q10-051.sql": 0.02066516876220703, "q10-052.sql": 0.020682334899902344, "q10-053.sql": 0.020578861236572266, "q10-054.sql": 0.02074432373046875, "q10-055.sql": 0.020665884017944336, "q10-056.sql": 0.020493745803833008, "q10-057.sql": 0.02080845832824707, "q10-058.sql": 0.0206143856048584, "q10-059.sql": 0.02069377899169922, "q10-060.sql": 0.020493268966674805, "q10-061.sql": 0.020508766174316406, "q10-062.sql": 0.020817995071411133, "q10-063.sql": 0.02105569839477539, "q10-064.sql": 0.020917177200317383, "q10-065.sql": 0.020595550537109375, "q10-066.sql": 0.02051568031311035, "q10-067.sql": 0.020735502243041992, "q10-068.sql": 0.020889997482299805, "q10-069.sql": 0.02073049545288086, "q10-071.sql": 0.020461320877075195, "q10-072.sql": 0.020607709884643555, "q10-073.sql": 0.020682811737060547, "q10-074.sql": 0.021051645278930664, "q10-075.sql": 0.02030467987060547, "q10-077.sql": 0.020502805709838867, "q10-078.sql": 0.02135443687438965, "q10-079.sql": 0.020766496658325195, "q10-080.sql": 0.021039962768554688, "q10-081.sql": 0.020638465881347656, "q10-082.sql": 0.020702600479125977, "q10-083.sql": 0.020746469497680664, "q10-085.sql": 0.020577669143676758, "q10-087.sql": 0.020842790603637695, "q10-088.sql": 0.020724058151245117, "q10-089.sql": 0.020505905151367188, "q10-090.sql": 0.020823001861572266, "q10-091.sql": 0.020764589309692383, "q10-092.sql": 0.02078104019165039, "q10-093.sql": 0.020862817764282227, "q10-094.sql": 0.021164655685424805, "q10-095.sql": 0.02115654945373535, "q10-096.sql": 0.02115797996520996, "q10-098.sql": 0.020622968673706055, "q10-099.sql": 0.020901918411254883}