{"10b.sql": 0.03383588790893555, "10c.sql": 0.03416109085083008, "11a.sql": 0.034683942794799805, "11b.sql": 0.03433346748352051, "11c.sql": 0.03506326675415039, "11d.sql": 0.033930301666259766, "12a.sql": 0.03452634811401367, "12b.sql": 0.03380727767944336, "12c.sql": 0.034058570861816406, "13a.sql": 0.03385472297668457, "13c.sql": 0.03458690643310547, "13d.sql": 0.03476428985595703, "14b.sql": 0.03440427780151367, "14c.sql": 0.034130096435546875, "15b.sql": 0.03457355499267578, "15d.sql": 0.17662262916564941, "16a.sql": 0.03475213050842285, "16b.sql": 0.034107208251953125, "16c.sql": 0.03447985649108887, "17a.sql": 0.034043073654174805, "17c.sql": 0.034053802490234375, "17d.sql": 0.034372568130493164, "17e.sql": 0.034218788146972656, "17f.sql": 0.0341954231262207, "18a.sql": 0.03516125679016113, "18c.sql": 0.03451848030090332, "19a.sql": 0.03448367118835449, "19b.sql": 0.03477978706359863, "19c.sql": 0.03470468521118164, "1b.sql": 0.03400301933288574, "1c.sql": 0.0336000919342041, "1d.sql": 0.03408169746398926, "20a.sql": 0.03445029258728027, "20b.sql": 0.034853458404541016, "21a.sql": 0.03507685661315918, "21c.sql": 0.034105539321899414, "22a.sql": 0.03403282165527344, "22b.sql": 0.03394722938537598, "22c.sql": 0.03395652770996094, "22d.sql": 0.03420376777648926, "23a.sql": 0.03411602973937988, "23b.sql": 0.03496837615966797, "23c.sql": 0.03531002998352051, "24a.sql": 0.03420877456665039, "25a.sql": 0.034154653549194336, "25b.sql": 0.03475141525268555, "25c.sql": 0.034130096435546875, "26a.sql": 0.03402900695800781, "26c.sql": 0.0339505672454834, "27a.sql": 0.03440141677856445, "27b.sql": 0.03459668159484863, "27c.sql": 0.03471994400024414, "28a.sql": 0.034317731857299805, "28b.sql": 0.03406238555908203, "28c.sql": 0.033757686614990234, "29a.sql": 0.03383207321166992, "29c.sql": 0.03355050086975098, "2a.sql": 0.033684492111206055, "2b.sql": 0.034726858139038086, "2c.sql": 0.03490257263183594, "2d.sql": 0.03455066680908203, "30a.sql": 0.03430771827697754, "30b.sql": 0.03390693664550781, "31a.sql": 0.034067392349243164, "31b.sql": 0.034055233001708984, "31c.sql": 0.03378176689147949, "32b.sql": 0.03415942192077637, "33a.sql": 0.03452014923095703, "33c.sql": 0.035180091857910156, "3b.sql": 0.034696340560913086, "4a.sql": 0.033708810806274414, "4c.sql": 0.034369707107543945, "5a.sql": 0.03399062156677246, "5b.sql": 0.0342562198638916, "5c.sql": 0.03484463691711426, "6a.sql": 0.03479313850402832, "6b.sql": 0.0351719856262207, "6c.sql": 0.034406423568725586, "6d.sql": 0.034644126892089844, "6e.sql": 0.034690141677856445, "6f.sql": 0.0342555046081543, "7a.sql": 0.034577131271362305, "7b.sql": 0.0349268913269043, "7c.sql": 0.034073591232299805, "8a.sql": 0.03412008285522461, "8b.sql": 0.035340309143066406, "8c.sql": 0.034967660903930664, "8d.sql": 0.03470325469970703, "9a.sql": 0.035250186920166016, "9b.sql": 0.0344088077545166, "9c.sql": 0.03418612480163574}