{"11b.sql": 0.03607988357543945, "11c.sql": 0.035902976989746094, "12a.sql": 0.6976301670074463, "12b.sql": 0.037158966064453125, "12c.sql": 0.8467757701873779, "13a.sql": 1.4895517826080322, "13c.sql": 0.0379178524017334, "14c.sql": 0.7253618240356445, "15a.sql": 0.31650686264038086, "15c.sql": 0.03750443458557129, "16a.sql": 0.2737138271331787, "17a.sql": 0.038847923278808594, "17d.sql": 2.3219356536865234, "17f.sql": 0.03619050979614258, "18c.sql": 0.03582262992858887, "19b.sql": 0.15901732444763184, "19d.sql": 6.692084312438965, "1a.sql": 0.039649248123168945, "1d.sql": 0.03600049018859863, "20a.sql": 1.6246795654296875, "21a.sql": 0.12495064735412598, "22a.sql": 1.3187856674194336, "22b.sql": 1.3136553764343262, "22d.sql": 2.450061321258545, "23a.sql": 0.25392651557922363, "23b.sql": 1.1504135131835938, "23c.sql": 0.35730481147766113, "24a.sql": 0.039597511291503906, "24b.sql": 0.1622459888458252, "26a.sql": 0.8054530620574951, "26b.sql": 0.24100923538208008, "26c.sql": 1.7961947917938232, "27a.sql": 0.03850960731506348, "29b.sql": 0.035833120346069336, "29c.sql": 0.45378780364990234, "2b.sql": 0.504065990447998, "2c.sql": 0.45847177505493164, "31a.sql": 0.03853917121887207, "31b.sql": 2.0223639011383057, "31c.sql": 3.098865270614624, "32a.sql": 0.037036895751953125, "33a.sql": 0.03689098358154297, "33c.sql": 0.03594827651977539, "3b.sql": 0.03578948974609375, "3c.sql": 0.03584766387939453, "4a.sql": 0.16800427436828613, "4b.sql": 0.0377955436706543, "4c.sql": 0.03691506385803223, "5a.sql": 0.14986824989318848, "6c.sql": 0.03663444519042969, "6d.sql": 7.34070897102356, "6e.sql": 0.03941226005554199, "6f.sql": 0.03624606132507324, "7c.sql": 2.4050655364990234, "8c.sql": 7.295302629470825, "9a.sql": 0.25352907180786133, "9b.sql": 0.0380558967590332}