{"10a.sql": 0.7199881076812744, "10b.sql": 0.21074295043945312, "11a.sql": 0.10894513130187988, "11b.sql": 0.1066751480102539, "11c.sql": 0.036843061447143555, "12a.sql": 0.3852252960205078, "12b.sql": 0.17190337181091309, "13a.sql": 0.03808760643005371, "13b.sql": 0.0368504524230957, "14a.sql": 0.4248068332672119, "14b.sql": 0.2392730712890625, "15a.sql": 0.39499425888061523, "15b.sql": 0.08803296089172363, "15c.sql": 0.03770565986633301, "16b.sql": 2.8021035194396973, "16c.sql": 0.03910326957702637, "16d.sql": 1.1259377002716064, "17a.sql": 0.03842449188232422, "17b.sql": 0.03656911849975586, "17d.sql": 2.2559151649475098, "17e.sql": 0.038349151611328125, "17f.sql": 0.0379641056060791, "18c.sql": 0.03716444969177246, "19c.sql": 6.1088175773620605, "19d.sql": 6.256187915802002, "1a.sql": 0.03953051567077637, "1d.sql": 0.03655600547790527, "20b.sql": 0.03595614433288574, "21a.sql": 0.1243584156036377, "21b.sql": 0.03668332099914551, "22a.sql": 0.5667493343353271, "22b.sql": 0.4268512725830078, "22c.sql": 1.8348262310028076, "23a.sql": 0.25103306770324707, "23b.sql": 0.14022421836853027, "23c.sql": 0.038259029388427734, "24a.sql": 0.036411285400390625, "25b.sql": 2.1693058013916016, "26b.sql": 0.32086968421936035, "26c.sql": 1.801985502243042, "27a.sql": 0.038054704666137695, "27c.sql": 0.1661231517791748, "28a.sql": 0.9286255836486816, "28b.sql": 1.2253944873809814, "28c.sql": 2.3034980297088623, "29a.sql": 0.1620008945465088, "2a.sql": 0.42003440856933594, "30a.sql": 1.309002161026001, "30c.sql": 2.830937385559082, "31b.sql": 0.03752923011779785, "31c.sql": 1.0762133598327637, "32b.sql": 0.38115596771240234, "33a.sql": 0.24056434631347656, "33c.sql": 0.038239479064941406, "3b.sql": 0.03624606132507324, "3c.sql": 0.03553271293640137, "5b.sql": 0.21349477767944336, "5c.sql": 0.3269073963165283, "6a.sql": 0.0980539321899414, "6b.sql": 1.5197796821594238, "6c.sql": 0.08231973648071289, "6d.sql": 1.4062769412994385, "6e.sql": 1.375105619430542, "6f.sql": 6.6824095249176025, "8a.sql": 2.5679848194122314, "8b.sql": 0.18316435813903809, "8d.sql": 0.03810429573059082, "9d.sql": 2.744960308074951}