{"q10-001.sql": 0.0206146240234375, "q10-002.sql": 0.020677804946899414, "q10-003.sql": 0.020701885223388672, "q10-004.sql": 0.02046942710876465, "q10-005.sql": 0.020769119262695312, "q10-006.sql": 0.020757675170898438, "q10-007.sql": 0.020691394805908203, "q10-008.sql": 0.020879745483398438, "q10-009.sql": 0.020888328552246094, "q10-010.sql": 0.021114349365234375, "q10-011.sql": 0.02051401138305664, "q10-012.sql": 0.02040576934814453, "q10-013.sql": 0.020632266998291016, "q10-014.sql": 0.02062678337097168, "q10-015.sql": 0.02052450180053711, "q10-016.sql": 0.020591020584106445, "q10-017.sql": 0.020459890365600586, "q10-018.sql": 0.020597219467163086, "q10-019.sql": 0.02040696144104004, "q10-020.sql": 0.020557165145874023, "q10-021.sql": 0.02026534080505371, "q10-022.sql": 0.020796775817871094, "q10-023.sql": 0.020303010940551758, "q10-024.sql": 0.020996570587158203, "q10-026.sql": 0.020960092544555664, "q10-027.sql": 0.02102804183959961, "q10-029.sql": 0.020694732666015625, "q10-030.sql": 0.020528078079223633, "q10-031.sql": 0.020687341690063477, "q10-032.sql": 0.020644426345825195, "q10-033.sql": 0.02056598663330078, "q10-034.sql": 0.021022558212280273, "q10-036.sql": 0.02101874351501465, "q10-037.sql": 0.021102428436279297, "q10-038.sql": 0.020620346069335938, "q10-039.sql": 0.02092909812927246, "q10-040.sql": 0.02102375030517578, "q10-042.sql": 0.020901203155517578, "q10-043.sql": 0.021105051040649414, "q10-044.sql": 0.021088123321533203, "q10-045.sql": 0.02098536491394043, "q10-046.sql": 0.021100521087646484, "q10-047.sql": 0.0208280086517334, "q10-048.sql": 0.020923852920532227, "q10-049.sql": 0.02102804183959961, "q10-050.sql": 0.021032094955444336, "q10-051.sql": 0.02054619789123535, "q10-052.sql": 0.020789146423339844, "q10-053.sql": 0.020969629287719727, "q10-054.sql": 0.020953655242919922, "q10-055.sql": 0.020804405212402344, "q10-056.sql": 0.020554304122924805, "q10-057.sql": 0.020908594131469727, "q10-058.sql": 0.020910978317260742, "q10-059.sql": 0.0208280086517334, "q10-060.sql": 0.020752429962158203, "q10-061.sql": 0.020542621612548828, "q10-062.sql": 0.020565509796142578, "q10-063.sql": 0.02048492431640625, "q10-064.sql": 0.02030038833618164, "q10-065.sql": 0.020694494247436523, "q10-066.sql": 0.02042555809020996, "q10-067.sql": 0.020470380783081055, "q10-068.sql": 0.02036118507385254, "q10-069.sql": 0.0206451416015625, "q10-071.sql": 0.02048182487487793, "q10-072.sql": 0.020810365676879883, "q10-073.sql": 0.020414352416992188, "q10-074.sql": 0.021028518676757812, "q10-075.sql": 0.02064037322998047, "q10-077.sql": 0.020721912384033203, "q10-078.sql": 0.02048802375793457, "q10-079.sql": 0.020496606826782227, "q10-080.sql": 0.020426034927368164, "q10-081.sql": 0.020888805389404297, "q10-082.sql": 0.020577669143676758, "q10-083.sql": 0.020366191864013672, "q10-085.sql": 0.02045130729675293, "q10-087.sql": 0.020404338836669922, "q10-088.sql": 0.02088141441345215, "q10-089.sql": 0.020009994506835938, "q10-090.sql": 0.020850181579589844, "q10-091.sql": 0.02081775665283203, "q10-092.sql": 0.020787954330444336, "q10-093.sql": 0.021068096160888672, "q10-094.sql": 0.020453929901123047, "q10-095.sql": 0.020569324493408203, "q10-096.sql": 0.020449399948120117, "q10-098.sql": 0.020417213439941406, "q10-099.sql": 0.020922183990478516}