{"10a.sql": 0.39725375175476074, "10c.sql": 2.332056999206543, "11a.sql": 0.11354517936706543, "11b.sql": 0.09901642799377441, "11c.sql": 0.24135494232177734, "11d.sql": 0.22351551055908203, "12a.sql": 0.38370680809020996, "12b.sql": 0.038290977478027344, "13a.sql": 2.373307943344116, "13b.sql": 0.037978172302246094, "13c.sql": 0.036415815353393555, "13d.sql": 0.03538393974304199, "14a.sql": 0.03525137901306152, "14b.sql": 0.2098095417022705, "14c.sql": 1.6196322441101074, "15a.sql": 0.3106973171234131, "15b.sql": 0.03858685493469238, "15c.sql": 0.5315072536468506, "15d.sql": 0.5890467166900635, "16a.sql": 2.4196269512176514, "16b.sql": 0.7489306926727295, "16c.sql": 0.0370478630065918, "16d.sql": 1.1159980297088623, "17a.sql": 0.037691593170166016, "17b.sql": 0.036261796951293945, "17c.sql": 0.0352628231048584, "17d.sql": 0.035268545150756836, "17e.sql": 0.03526425361633301, "17f.sql": 2.350409984588623, "18a.sql": 4.256319046020508, "18b.sql": 0.039087772369384766, "18c.sql": 4.3289875984191895, "19a.sql": 0.03789973258972168, "19b.sql": 0.16374492645263672, "19c.sql": 0.03786897659301758, "19d.sql": 4.499490261077881, "1a.sql": 0.0379185676574707, "1b.sql": 0.03499960899353027, "1c.sql": 0.03517794609069824, "1d.sql": 0.03507351875305176, "20a.sql": 3.148644208908081, "20b.sql": 2.49725079536438, "20c.sql": 1.386725902557373, "21a.sql": 0.1259913444519043, "21c.sql": 0.03661394119262695, "22a.sql": 1.3055346012115479, "22b.sql": 1.3061881065368652, "22d.sql": 2.4546585083007812, "23a.sql": 0.8356289863586426, "23b.sql": 1.432528018951416, "23c.sql": 1.1669557094573975, "24b.sql": 0.037201881408691406, "25a.sql": 0.03712773323059082, "25c.sql": 2.7634854316711426, "26a.sql": 2.290451765060425, "26b.sql": 0.29078030586242676, "26c.sql": 2.571458339691162, "27a.sql": 0.12930822372436523, "27b.sql": 0.09466314315795898, "27c.sql": 0.10869979858398438, "28a.sql": 1.864865779876709, "28b.sql": 0.736361026763916, "28c.sql": 1.8235085010528564, "29b.sql": 0.03787875175476074, "29c.sql": 0.4598052501678467, "2b.sql": 0.45447802543640137, "2c.sql": 0.03714156150817871, "2d.sql": 0.036173105239868164, "30a.sql": 2.5968003273010254, "30b.sql": 2.5953426361083984, "30c.sql": 2.8744847774505615, "31a.sql": 2.599433183670044, "31b.sql": 2.48004150390625, "31c.sql": 3.0407607555389404, "32a.sql": 0.1760861873626709, "32b.sql": 0.28574204444885254, "33a.sql": 0.2372875213623047, "33b.sql": 0.11964082717895508, "33c.sql": 0.20050382614135742, "3b.sql": 0.03743457794189453, "3c.sql": 0.037384033203125, "4a.sql": 0.1676175594329834, "4b.sql": 0.036535024642944336, "4c.sql": 0.03596806526184082, "5a.sql": 0.1589374542236328, "5c.sql": 0.19534015655517578, "6a.sql": 0.03678560256958008, "6b.sql": 1.512467384338379, "6c.sql": 0.03776049613952637, "6d.sql": 0.037041425704956055, "6e.sql": 0.03609180450439453, "6f.sql": 0.0359041690826416, "7a.sql": 0.9570152759552002, "7b.sql": 1.5580506324768066, "8a.sql": 2.0336413383483887, "8b.sql": 0.20589852333068848, "8c.sql": 2.9534811973571777, "8d.sql": 4.799137592315674, "9a.sql": 0.25193071365356445, "9b.sql": 1.6957778930664062, "9c.sql": 1.7499639987945557, "9d.sql": 3.3093619346618652}