{"10c.sql": 0.18093180656433105, "11b.sql": 0.035173892974853516, "11c.sql": 0.035434722900390625, "11d.sql": 0.03556418418884277, "12a.sql": 0.03526711463928223, "12b.sql": 0.03550362586975098, "13a.sql": 0.03551673889160156, "13b.sql": 0.03545069694519043, "13c.sql": 0.035408735275268555, "13d.sql": 0.03550601005554199, "14a.sql": 0.03535175323486328, "14b.sql": 0.035715579986572266, "14c.sql": 0.03535723686218262, "15a.sql": 0.03518033027648926, "15b.sql": 0.035360097885131836, "15c.sql": 0.035553932189941406, "15d.sql": 0.0352787971496582, "16a.sql": 0.035333871841430664, "16b.sql": 0.03544259071350098, "16c.sql": 0.0354008674621582, "16d.sql": 0.03455066680908203, "17a.sql": 0.035425662994384766, "17b.sql": 0.03533196449279785, "17c.sql": 0.03554892539978027, "17d.sql": 0.03556513786315918, "17e.sql": 0.03556108474731445, "17f.sql": 0.0354158878326416, "18a.sql": 0.03543281555175781, "18b.sql": 0.035634517669677734, "18c.sql": 0.03548312187194824, "19a.sql": 0.0353388786315918, "19b.sql": 0.03555488586425781, "19d.sql": 0.03542780876159668, "1b.sql": 0.035671234130859375, "1c.sql": 0.03525280952453613, "1d.sql": 0.0355992317199707, "20a.sql": 0.0353848934173584, "20b.sql": 0.035474300384521484, "21a.sql": 0.03531622886657715, "21c.sql": 0.03541231155395508, "22a.sql": 0.035128116607666016, "22b.sql": 0.03506135940551758, "22d.sql": 0.03516864776611328, "23b.sql": 0.03533792495727539, "23c.sql": 0.03518176078796387, "24b.sql": 0.03551054000854492, "25c.sql": 0.1828470230102539, "26a.sql": 0.03520703315734863, "26b.sql": 0.03539156913757324, "26c.sql": 0.03555440902709961, "27a.sql": 0.03532528877258301, "27b.sql": 0.03497743606567383, "27c.sql": 0.03577733039855957, "28a.sql": 0.03526878356933594, "28b.sql": 0.03557252883911133, "28c.sql": 0.03522753715515137, "29b.sql": 0.035141706466674805, "29c.sql": 0.03512692451477051, "2b.sql": 0.034942626953125, "2c.sql": 0.03536176681518555, "2d.sql": 0.0355682373046875, "30a.sql": 0.03561282157897949, "30b.sql": 0.03528928756713867, "30c.sql": 0.03507685661315918, "31a.sql": 0.03518104553222656, "31b.sql": 0.035608530044555664, "31c.sql": 0.034702301025390625, "32a.sql": 0.03397083282470703, "32b.sql": 0.034185171127319336, "33a.sql": 0.03332400321960449, "33b.sql": 0.035312652587890625, "33c.sql": 0.034195661544799805, "3b.sql": 0.0353090763092041, "3c.sql": 0.03467273712158203, "4a.sql": 0.035030364990234375, "4b.sql": 0.0332942008972168, "4c.sql": 0.03531074523925781, "5a.sql": 0.033028364181518555, "5c.sql": 0.03515315055847168, "6a.sql": 0.035675048828125, "6b.sql": 0.03446173667907715, "6c.sql": 0.03412437438964844, "6d.sql": 0.17335247993469238, "7a.sql": 0.034949302673339844, "7b.sql": 0.03335285186767578, "8b.sql": 0.03421211242675781, "8c.sql": 0.03328680992126465, "8d.sql": 0.034099578857421875, "9a.sql": 0.033167362213134766, "9b.sql": 0.03419017791748047, "9d.sql": 0.03368520736694336}