{"10a.sql": 0.703455924987793, "10b.sql": 0.20581650733947754, "11a.sql": 0.12823867797851562, "11b.sql": 0.1093440055847168, "11c.sql": 0.2578868865966797, "11d.sql": 0.24920654296875, "12a.sql": 0.38106298446655273, "12b.sql": 0.03781938552856445, "12c.sql": 1.2308058738708496, "13a.sql": 2.1216814517974854, "13b.sql": 0.9142971038818359, "13c.sql": 0.880591630935669, "13d.sql": 3.542512893676758, "14a.sql": 0.44480371475219727, "14c.sql": 0.7345161437988281, "15a.sql": 0.3944571018218994, "15b.sql": 0.08813071250915527, "15c.sql": 0.03702592849731445, "16a.sql": 0.26874303817749023, "16b.sql": 1.11458420753479, "17a.sql": 0.036760807037353516, "17b.sql": 0.035660505294799805, "17d.sql": 2.3993639945983887, "17e.sql": 0.03638410568237305, "17f.sql": 0.03617715835571289, "18a.sql": 4.6638288497924805, "18b.sql": 0.3751654624938965, "18c.sql": 4.714029788970947, "19b.sql": 3.088193655014038, "19d.sql": 4.834317684173584, "1a.sql": 0.0386357307434082, "1b.sql": 0.03637266159057617, "1d.sql": 0.035283803939819336, "20a.sql": 5.2386155128479, "20b.sql": 0.03812909126281738, "20c.sql": 2.2906670570373535, "21a.sql": 0.14346003532409668, "21b.sql": 1.3307299613952637, "21c.sql": 0.12496232986450195, "22a.sql": 5.3000328540802, "22b.sql": 0.03887152671813965, "22c.sql": 1.8939507007598877, "22d.sql": 0.03965640068054199, "23a.sql": 0.2537407875061035, "23b.sql": 0.14481425285339355, "23c.sql": 0.36187124252319336, "24a.sql": 2.705073118209839, "24b.sql": 0.15998005867004395, "25a.sql": 5.374495267868042, "25b.sql": 2.169039249420166, "25c.sql": 2.7599048614501953, "26a.sql": 0.743304967880249, "26b.sql": 0.2496788501739502, "26c.sql": 2.4493496417999268, "27a.sql": 0.038289785385131836, "27c.sql": 0.16653680801391602, "28a.sql": 0.03661179542541504, "28b.sql": 0.5197253227233887, "28c.sql": 0.037526607513427734, "29b.sql": 0.03709053993225098, "29c.sql": 0.7743306159973145, "2a.sql": 0.4166731834411621, "2b.sql": 0.03702044486999512, "2c.sql": 0.4588944911956787, "30a.sql": 5.42653489112854, "30b.sql": 0.37117838859558105, "31a.sql": 1.1082789897918701, "31b.sql": 0.3617587089538574, "31c.sql": 2.9367237091064453, "32a.sql": 0.05380058288574219, "33a.sql": 0.036905765533447266, "33c.sql": 0.03569626808166504, "3a.sql": 0.23279380798339844, "3b.sql": 0.037458181381225586, "3c.sql": 0.3475213050842285, "4a.sql": 0.1719517707824707, "4b.sql": 0.16995501518249512, "4c.sql": 0.17812061309814453, "5a.sql": 0.16001129150390625, "5c.sql": 0.19453835487365723, "6c.sql": 0.03711843490600586, "6d.sql": 5.4833269119262695, "6e.sql": 0.03782057762145996, "6f.sql": 0.03582429885864258, "7b.sql": 0.36432862281799316, "7c.sql": 2.405827283859253, "8b.sql": 0.3988826274871826, "8c.sql": 2.9401891231536865, "9a.sql": 0.25203990936279297, "9b.sql": 1.4879827499389648, "9c.sql": 1.7146151065826416}