{"10c.sql": 0.17209434509277344, "11b.sql": 0.0350184440612793, "11c.sql": 0.03477644920349121, "12a.sql": 0.17284798622131348, "13a.sql": 0.03411412239074707, "13c.sql": 0.034796953201293945, "13d.sql": 0.03491473197937012, "14a.sql": 0.03463912010192871, "14b.sql": 0.03465151786804199, "14c.sql": 0.03422737121582031, "15b.sql": 0.034098148345947266, "15c.sql": 0.034375905990600586, "15d.sql": 0.03444528579711914, "16d.sql": 0.034981489181518555, "17a.sql": 0.03542685508728027, "17b.sql": 0.034746408462524414, "17c.sql": 0.03439188003540039, "17e.sql": 0.17530274391174316, "18a.sql": 0.17387914657592773, "19a.sql": 0.033905982971191406, "19b.sql": 0.03329610824584961, "19d.sql": 0.03426361083984375, "1b.sql": 0.03458595275878906, "1d.sql": 0.034738779067993164, "20b.sql": 0.17243218421936035, "21c.sql": 0.07314085960388184, "22d.sql": 0.22006821632385254, "23b.sql": 0.034139394760131836, "23c.sql": 0.033997297286987305, "26a.sql": 0.03487968444824219, "26b.sql": 0.03473997116088867, "27a.sql": 0.03486943244934082, "27b.sql": 0.034470319747924805, "28b.sql": 0.034918785095214844, "28c.sql": 0.03400397300720215, "29b.sql": 0.03487539291381836, "2c.sql": 0.03452444076538086, "2d.sql": 0.034484148025512695, "30a.sql": 0.034332275390625, "30b.sql": 0.035100698471069336, "31a.sql": 0.0339818000793457, "31b.sql": 0.03459334373474121, "31c.sql": 0.03427863121032715, "32a.sql": 0.03431081771850586, "32b.sql": 0.034085988998413086, "33a.sql": 0.03496670722961426, "3b.sql": 0.033750295639038086, "3c.sql": 0.03487730026245117, "4b.sql": 0.03503012657165527, "4c.sql": 0.03450155258178711, "6a.sql": 0.034735918045043945, "6c.sql": 0.03433871269226074, "7a.sql": 0.1741325855255127, "8b.sql": 0.03479194641113281, "8c.sql": 0.03492116928100586, "8d.sql": 0.03453516960144043, "9a.sql": 2.7888758182525635}