{"10a.sql": 0.03409290313720703, "10b.sql": 0.034490108489990234, "11a.sql": 0.03469395637512207, "11b.sql": 0.034116506576538086, "11c.sql": 0.035434722900390625, "11d.sql": 0.03500080108642578, "12a.sql": 0.03454327583312988, "12b.sql": 0.03461194038391113, "12c.sql": 0.035065650939941406, "13a.sql": 0.034247398376464844, "13b.sql": 0.03508162498474121, "13c.sql": 0.034689903259277344, "13d.sql": 0.034657955169677734, "14a.sql": 0.03532743453979492, "14c.sql": 0.03506946563720703, "15a.sql": 0.03422856330871582, "15b.sql": 0.034223318099975586, "15c.sql": 0.034363746643066406, "16a.sql": 0.03475046157836914, "16b.sql": 1.5137295722961426, "17a.sql": 0.03454303741455078, "17b.sql": 0.034528255462646484, "17d.sql": 0.03473997116088867, "17e.sql": 0.03530430793762207, "17f.sql": 0.03440093994140625, "18a.sql": 0.03477144241333008, "18b.sql": 0.03475832939147949, "18c.sql": 0.03545045852661133, "19b.sql": 0.03518533706665039, "19d.sql": 0.1769564151763916, "1a.sql": 0.03445625305175781, "1b.sql": 0.034117698669433594, "1d.sql": 0.03434872627258301, "20a.sql": 0.03429126739501953, "20b.sql": 0.03484511375427246, "20c.sql": 0.03429245948791504, "21a.sql": 0.03470110893249512, "21b.sql": 0.03444719314575195, "21c.sql": 0.03420686721801758, "22a.sql": 0.03445911407470703, "22b.sql": 0.03458762168884277, "22c.sql": 0.03450489044189453, "22d.sql": 0.03454446792602539, "23a.sql": 0.034085988998413086, "23b.sql": 0.03500699996948242, "23c.sql": 0.035063982009887695, "24a.sql": 0.034172773361206055, "24b.sql": 0.0344853401184082, "25a.sql": 0.034545183181762695, "25b.sql": 0.0344846248626709, "25c.sql": 0.034699201583862305, "26a.sql": 0.03422808647155762, "26b.sql": 0.034102678298950195, "26c.sql": 0.0348513126373291, "27a.sql": 0.03463101387023926, "27c.sql": 0.03446650505065918, "28a.sql": 0.034859418869018555, "28b.sql": 0.03444814682006836, "28c.sql": 0.034381866455078125, "29b.sql": 0.034368038177490234, "29c.sql": 0.0342257022857666, "2a.sql": 0.03428339958190918, "2b.sql": 0.03476738929748535, "2c.sql": 0.03408408164978027, "30a.sql": 0.03518414497375488, "30b.sql": 0.03514361381530762, "31a.sql": 0.03508758544921875, "31b.sql": 0.03420305252075195, "31c.sql": 0.03463411331176758, "32a.sql": 0.0339360237121582, "33a.sql": 0.03476977348327637, "33c.sql": 0.035149574279785156, "3a.sql": 0.03402400016784668, "3b.sql": 0.0352170467376709, "3c.sql": 0.03463602066040039, "4a.sql": 0.035196542739868164, "4b.sql": 0.034264326095581055, "4c.sql": 0.03496551513671875, "5a.sql": 0.034300804138183594, "5c.sql": 0.0352323055267334, "6c.sql": 0.034619808197021484, "6d.sql": 0.1723012924194336, "6e.sql": 0.03410482406616211, "6f.sql": 0.2135629653930664, "7b.sql": 0.03499174118041992, "7c.sql": 0.03488874435424805, "8b.sql": 0.034811973571777344, "8c.sql": 0.1710958480834961, "9a.sql": 0.03366804122924805, "9b.sql": 0.03502821922302246, "9c.sql": 0.03431391716003418}