{"10b.sql": 0.03722643852233887, "10c.sql": 8.483299016952515, "12c.sql": 0.848442554473877, "13a.sql": 0.038778066635131836, "13c.sql": 0.03755044937133789, "15b.sql": 0.035848379135131836, "15d.sql": 0.5921590328216553, "16c.sql": 0.03800463676452637, "17c.sql": 0.03804349899291992, "17d.sql": 0.03704524040222168, "18a.sql": 8.574698686599731, "18c.sql": 8.805438756942749, "19a.sql": 2.47969126701355, "19b.sql": 3.0484960079193115, "19c.sql": 2.723412275314331, "1c.sql": 0.037819623947143555, "20a.sql": 1.6366119384765625, "21a.sql": 0.12572908401489258, "21c.sql": 0.0902564525604248, "22b.sql": 0.03796672821044922, "22d.sql": 2.4449245929718018, "23b.sql": 0.14257073402404785, "23c.sql": 0.4685637950897217, "24a.sql": 2.6887121200561523, "25a.sql": 2.382251024246216, "25c.sql": 8.775320768356323, "28a.sql": 1.862858533859253, "28c.sql": 1.8301234245300293, "29a.sql": 0.16041922569274902, "2a.sql": 0.41594767570495605, "30a.sql": 1.320300579071045, "31b.sql": 0.0401766300201416, "31c.sql": 1.075308084487915, "3b.sql": 0.039098262786865234, "4a.sql": 0.20212411880493164, "4c.sql": 0.21213483810424805, "5c.sql": 0.03953385353088379, "6a.sql": 0.037395477294921875, "6c.sql": 0.03695321083068848, "6e.sql": 1.3803234100341797, "6f.sql": 0.038001060485839844, "7b.sql": 0.364713191986084, "8c.sql": 0.03918051719665527, "9a.sql": 0.26018643379211426, "9b.sql": 0.03848600387573242, "9c.sql": 0.03742575645446777}