{"10a.sql": 0.034903764724731445, "10b.sql": 0.033831119537353516, "10c.sql": 0.1741323471069336, "11a.sql": 0.033898353576660156, "11b.sql": 0.03422975540161133, "11c.sql": 0.034510135650634766, "11d.sql": 0.03382062911987305, "12a.sql": 0.03387117385864258, "12b.sql": 0.034722328186035156, "12c.sql": 0.035103559494018555, "13a.sql": 0.0356447696685791, "13b.sql": 0.03372550010681152, "13c.sql": 0.03398013114929199, "13d.sql": 0.0729827880859375, "14a.sql": 0.03502154350280762, "14b.sql": 0.03478550910949707, "14c.sql": 0.03517937660217285, "15a.sql": 0.03511643409729004, "15b.sql": 0.03463482856750488, "15c.sql": 0.034111976623535156, "15d.sql": 0.2265763282775879, "16a.sql": 0.03550839424133301, "16b.sql": 0.17851996421813965, "16c.sql": 0.03580307960510254, "16d.sql": 0.03531622886657715, "17a.sql": 0.03544926643371582, "17b.sql": 0.03530740737915039, "17c.sql": 0.035242557525634766, "17d.sql": 0.034986257553100586, "17e.sql": 0.24607348442077637, "17f.sql": 0.035645484924316406, "18a.sql": 0.03531932830810547, "18b.sql": 0.03532767295837402, "18c.sql": 0.17761540412902832, "19a.sql": 0.03571581840515137, "19b.sql": 0.03506064414978027, "19c.sql": 0.03407621383666992, "19d.sql": 0.21943449974060059, "1a.sql": 0.034406185150146484, "1b.sql": 0.03449392318725586, "1c.sql": 0.034200429916381836, "1d.sql": 0.03424978256225586, "20a.sql": 0.0351719856262207, "20b.sql": 0.17385005950927734, "20c.sql": 0.034317970275878906, "21a.sql": 0.034848928451538086, "21b.sql": 0.03418922424316406, "21c.sql": 0.034684181213378906, "22a.sql": 0.0350794792175293, "22b.sql": 0.03487205505371094, "22c.sql": 0.26967859268188477, "22d.sql": 0.03587675094604492, "23a.sql": 0.03435540199279785, "23b.sql": 0.03493165969848633, "23c.sql": 0.03446245193481445, "24a.sql": 0.03378415107727051, "24b.sql": 0.034514665603637695, "25a.sql": 0.03483009338378906, "25b.sql": 0.03469204902648926, "25c.sql": 0.1778573989868164, "26a.sql": 0.035424232482910156, "26b.sql": 0.03455328941345215, "26c.sql": 0.17347192764282227, "27a.sql": 0.03543710708618164, "27b.sql": 0.1788315773010254, "27c.sql": 0.03465390205383301, "28a.sql": 0.03436994552612305, "28b.sql": 0.03429722785949707, "28c.sql": 0.03379178047180176, "29a.sql": 0.03433585166931152, "29b.sql": 0.034682512283325195, "29c.sql": 0.03463149070739746, "2a.sql": 0.03442883491516113, "2b.sql": 0.03463244438171387, "2c.sql": 0.03402543067932129, "2d.sql": 0.03441667556762695, "30a.sql": 0.1745150089263916, "30b.sql": 0.035008907318115234, "30c.sql": 0.17486023902893066, "31a.sql": 0.17721009254455566, "31b.sql": 0.03477358818054199, "31c.sql": 0.03506278991699219, "32a.sql": 0.03433537483215332, "32b.sql": 0.03425884246826172, "33a.sql": 0.0345461368560791, "33b.sql": 0.034850120544433594, "33c.sql": 0.034618377685546875, "3a.sql": 0.03463101387023926, "3b.sql": 0.03377795219421387, "3c.sql": 0.03494620323181152, "4a.sql": 0.03486156463623047, "4b.sql": 0.034000396728515625, "4c.sql": 0.0343167781829834, "5a.sql": 0.03475809097290039, "5b.sql": 0.03494429588317871, "5c.sql": 0.03509116172790527, "6a.sql": 0.03446054458618164, "6b.sql": 0.034600257873535156, "6c.sql": 0.03451371192932129, "6d.sql": 0.034432172775268555, "6e.sql": 0.03437948226928711, "6f.sql": 0.28995370864868164, "7a.sql": 0.03542637825012207, "7b.sql": 0.035356760025024414, "7c.sql": 0.18184947967529297, "8a.sql": 0.03530764579772949, "8b.sql": 0.035376548767089844, "8c.sql": 0.22875523567199707, "8d.sql": 0.035814762115478516, "9a.sql": 0.03596663475036621, "9b.sql": 0.03547930717468262, "9c.sql": 0.03559136390686035, "9d.sql": 0.21999859809875488}