{"17c.sql": 0.03511476516723633, "18a.sql": 0.17420434951782227, "19a.sql": 0.03446841239929199, "19c.sql": 0.17729592323303223, "20a.sql": 0.1727750301361084, "21c.sql": 0.07529973983764648, "22d.sql": 0.22048163414001465, "29a.sql": 0.17914104461669922, "3b.sql": 0.035085439682006836, "5c.sql": 0.03578042984008789, "6e.sql": 0.035805463790893555, "6f.sql": 0.27115607261657715}