{"10a.sql": 0.7167398929595947, "10b.sql": 0.2095494270324707, "11a.sql": 0.12330293655395508, "11b.sql": 0.09270453453063965, "11c.sql": 0.26274895668029785, "11d.sql": 0.20317935943603516, "12a.sql": 0.6967575550079346, "12b.sql": 0.03756594657897949, "12c.sql": 1.1486704349517822, "13a.sql": 2.1373238563537598, "13b.sql": 0.261965274810791, "13c.sql": 0.21755599975585938, "13d.sql": 4.540031909942627, "14b.sql": 0.21405887603759766, "14c.sql": 0.7392261028289795, "15c.sql": 0.039101600646972656, "16a.sql": 1.9884896278381348, "16b.sql": 1.898348331451416, "16c.sql": 2.580646514892578, "16d.sql": 2.551213026046753, "17a.sql": 0.036322593688964844, "17b.sql": 0.03590226173400879, "17c.sql": 0.03516578674316406, "17f.sql": 2.365701913833618, "18a.sql": 5.201189279556274, "18b.sql": 0.37579345703125, "18c.sql": 5.2965288162231445, "19b.sql": 3.0559587478637695, "19d.sql": 5.364839315414429, "1a.sql": 0.03844189643859863, "1b.sql": 0.28622937202453613, "1d.sql": 0.2898092269897461, "20c.sql": 2.304500102996826, "21a.sql": 0.12397408485412598, "21c.sql": 0.03788447380065918, "22a.sql": 1.3190419673919678, "22b.sql": 1.3075470924377441, "23a.sql": 0.2601661682128906, "23b.sql": 0.03780245780944824, "23c.sql": 0.3620760440826416, "24a.sql": 2.696303129196167, "24b.sql": 0.1609804630279541, "25a.sql": 2.366182565689087, "25b.sql": 0.03851485252380371, "25c.sql": 5.928840398788452, "26a.sql": 2.038083076477051, "26c.sql": 2.5666463375091553, "27a.sql": 0.13178300857543945, "27b.sql": 0.09575986862182617, "28a.sql": 1.8642191886901855, "28b.sql": 1.4874753952026367, "29a.sql": 0.23453831672668457, "29c.sql": 1.680250883102417, "2a.sql": 0.4147171974182129, "2b.sql": 0.03747105598449707, "2c.sql": 0.03613448143005371, "2d.sql": 0.035858869552612305, "30a.sql": 2.4682557582855225, "30b.sql": 2.4381330013275146, "31b.sql": 0.03778815269470215, "31c.sql": 1.0806453227996826, "32b.sql": 0.18607592582702637, "33a.sql": 0.12242579460144043, "33b.sql": 0.11940765380859375, "3a.sql": 0.03733110427856445, "3c.sql": 0.036394357681274414, "4a.sql": 0.19686293601989746, "4b.sql": 0.1703181266784668, "5c.sql": 0.037111520767211914, "6a.sql": 0.07074189186096191, "6b.sql": 0.3422279357910156, "6e.sql": 0.07347488403320312, "7a.sql": 0.9565980434417725, "7c.sql": 2.395143747329712, "8c.sql": 3.014472007751465, "8d.sql": 2.4678916931152344, "9a.sql": 1.781602144241333, "9b.sql": 1.5876257419586182, "9c.sql": 2.050773859024048, "9d.sql": 2.829442024230957}