{"q10-001.sql": 0.020673751831054688, "q10-002.sql": 0.020667076110839844, "q10-003.sql": 0.02051687240600586, "q10-004.sql": 0.020676612854003906, "q10-005.sql": 0.020726442337036133, "q10-006.sql": 0.02051520347595215, "q10-007.sql": 0.020421266555786133, "q10-008.sql": 0.02096414566040039, "q10-009.sql": 0.0211336612701416, "q10-010.sql": 0.020972013473510742, "q10-011.sql": 0.020480632781982422, "q10-012.sql": 0.020597457885742188, "q10-013.sql": 0.020570039749145508, "q10-014.sql": 0.020639896392822266, "q10-015.sql": 0.020339012145996094, "q10-016.sql": 0.02060222625732422, "q10-017.sql": 0.020607948303222656, "q10-018.sql": 0.020499706268310547, "q10-019.sql": 0.02058100700378418, "q10-020.sql": 0.02039933204650879, "q10-021.sql": 0.02038431167602539, "q10-022.sql": 0.02092766761779785, "q10-023.sql": 0.020750045776367188, "q10-024.sql": 0.02086925506591797, "q10-026.sql": 0.020724773406982422, "q10-027.sql": 0.020587444305419922, "q10-029.sql": 0.0205533504486084, "q10-030.sql": 0.02070474624633789, "q10-031.sql": 0.020407915115356445, "q10-032.sql": 0.020524978637695312, "q10-033.sql": 0.020534038543701172, "q10-034.sql": 0.0207061767578125, "q10-036.sql": 0.020756006240844727, "q10-037.sql": 0.020444154739379883, "q10-038.sql": 0.020446062088012695, "q10-039.sql": 0.020580053329467773, "q10-040.sql": 0.020645856857299805, "q10-042.sql": 0.021158695220947266, "q10-043.sql": 0.020585298538208008, "q10-044.sql": 0.020621538162231445, "q10-045.sql": 0.0206756591796875, "q10-046.sql": 0.020614147186279297, "q10-047.sql": 0.020827531814575195, "q10-048.sql": 0.020493030548095703, "q10-049.sql": 0.0206453800201416, "q10-050.sql": 0.020871400833129883, "q10-051.sql": 0.020637035369873047, "q10-052.sql": 0.020690202713012695, "q10-053.sql": 0.020407438278198242, "q10-054.sql": 0.020490646362304688, "q10-055.sql": 0.020883798599243164, "q10-056.sql": 0.02080225944519043, "q10-057.sql": 0.020891427993774414, "q10-058.sql": 0.020745515823364258, "q10-059.sql": 0.020630836486816406, "q10-060.sql": 0.020772457122802734, "q10-061.sql": 0.020795345306396484, "q10-062.sql": 0.020262956619262695, "q10-063.sql": 0.02056741714477539, "q10-064.sql": 0.0203092098236084, "q10-065.sql": 0.02058696746826172, "q10-066.sql": 0.02082061767578125, "q10-067.sql": 0.020570755004882812, "q10-068.sql": 0.020707130432128906, "q10-069.sql": 0.020421743392944336, "q10-071.sql": 0.020511388778686523, "q10-072.sql": 0.020789384841918945, "q10-073.sql": 0.020783424377441406, "q10-074.sql": 0.020389080047607422, "q10-075.sql": 0.020614147186279297, "q10-077.sql": 0.020328998565673828, "q10-078.sql": 0.020658016204833984, "q10-079.sql": 0.020415782928466797, "q10-080.sql": 0.020361900329589844, "q10-081.sql": 0.020985126495361328, "q10-082.sql": 0.020232677459716797, "q10-083.sql": 0.02039027214050293, "q10-085.sql": 0.02043294906616211, "q10-087.sql": 0.020636796951293945, "q10-088.sql": 0.020611286163330078, "q10-089.sql": 0.02080821990966797, "q10-090.sql": 0.02085733413696289, "q10-091.sql": 0.020834684371948242, "q10-092.sql": 0.020499706268310547, "q10-093.sql": 0.0205996036529541, "q10-094.sql": 0.020447254180908203, "q10-095.sql": 0.020612478256225586, "q10-096.sql": 0.020400047302246094, "q10-098.sql": 0.02033233642578125, "q10-099.sql": 0.02056741714477539}