{"q10-001.sql": 0.020890474319458008, "q10-002.sql": 0.021776676177978516, "q10-003.sql": 0.02131485939025879, "q10-004.sql": 0.020980119705200195, "q10-005.sql": 0.020917415618896484, "q10-006.sql": 0.020743370056152344, "q10-007.sql": 0.020604848861694336, "q10-008.sql": 0.020778894424438477, "q10-009.sql": 0.020647525787353516, "q10-010.sql": 0.02089834213256836, "q10-011.sql": 0.02065753936767578, "q10-012.sql": 0.020543336868286133, "q10-013.sql": 0.020786046981811523, "q10-014.sql": 0.020804643630981445, "q10-015.sql": 0.020743370056152344, "q10-016.sql": 0.02073979377746582, "q10-017.sql": 0.02100372314453125, "q10-018.sql": 0.021066904067993164, "q10-019.sql": 0.02102518081665039, "q10-020.sql": 0.02081441879272461, "q10-021.sql": 0.020862102508544922, "q10-022.sql": 0.020656347274780273, "q10-023.sql": 0.02099323272705078, "q10-024.sql": 0.021427154541015625, "q10-026.sql": 0.02079153060913086, "q10-027.sql": 0.02072906494140625, "q10-029.sql": 0.020681142807006836, "q10-030.sql": 0.020713329315185547, "q10-031.sql": 0.020795822143554688, "q10-032.sql": 0.020747900009155273, "q10-033.sql": 0.020832061767578125, "q10-034.sql": 0.020837068557739258, "q10-036.sql": 0.02072906494140625, "q10-037.sql": 0.020662784576416016, "q10-038.sql": 0.02056598663330078, "q10-039.sql": 0.02064061164855957, "q10-040.sql": 0.020797014236450195, "q10-042.sql": 0.0206449031829834, "q10-043.sql": 0.02047872543334961, "q10-044.sql": 0.020577669143676758, "q10-045.sql": 0.020498037338256836, "q10-046.sql": 0.020704269409179688, "q10-047.sql": 0.020279884338378906, "q10-048.sql": 0.020564794540405273, "q10-049.sql": 0.020745038986206055, "q10-050.sql": 0.020552635192871094, "q10-051.sql": 0.020941734313964844, "q10-052.sql": 0.020565032958984375, "q10-053.sql": 0.020598888397216797, "q10-054.sql": 0.020641803741455078, "q10-055.sql": 0.020548582077026367, "q10-056.sql": 0.02084040641784668, "q10-057.sql": 0.02080988883972168, "q10-058.sql": 0.020195722579956055, "q10-059.sql": 0.020757675170898438, "q10-060.sql": 0.02063608169555664, "q10-061.sql": 0.020501375198364258, "q10-062.sql": 0.020751237869262695, "q10-063.sql": 0.02092766761779785, "q10-064.sql": 0.020682096481323242, "q10-065.sql": 0.020925045013427734, "q10-066.sql": 0.02062845230102539, "q10-067.sql": 0.020748376846313477, "q10-068.sql": 0.020551443099975586, "q10-069.sql": 0.020542144775390625, "q10-071.sql": 0.020536184310913086, "q10-072.sql": 0.02071356773376465, "q10-073.sql": 0.020791053771972656, "q10-074.sql": 0.020581483840942383, "q10-075.sql": 0.0204315185546875, "q10-077.sql": 0.02065253257751465, "q10-078.sql": 0.020470619201660156, "q10-079.sql": 0.020601272583007812, "q10-080.sql": 0.02079010009765625, "q10-081.sql": 0.020812511444091797, "q10-082.sql": 0.020998239517211914, "q10-083.sql": 0.020874977111816406, "q10-085.sql": 0.020475387573242188, "q10-087.sql": 0.020435094833374023, "q10-088.sql": 0.020914077758789062, "q10-089.sql": 0.020241975784301758, "q10-090.sql": 0.020301342010498047, "q10-091.sql": 0.020519256591796875, "q10-092.sql": 0.020376920700073242, "q10-093.sql": 0.020514488220214844, "q10-094.sql": 0.020837068557739258, "q10-095.sql": 0.020245075225830078, "q10-096.sql": 0.020746946334838867, "q10-098.sql": 0.02059459686279297, "q10-099.sql": 0.020567655563354492}