{"10b.sql": 0.03460979461669922, "10c.sql": 3.001167058944702, "11a.sql": 0.14234232902526855, "11b.sql": 0.09212350845336914, "11c.sql": 0.2913477420806885, "11d.sql": 0.2752993106842041, "12a.sql": 0.38196444511413574, "12b.sql": 0.17235970497131348, "12c.sql": 0.0361483097076416, "13a.sql": 2.9789788722991943, "13c.sql": 0.037683725357055664, "13d.sql": 0.03517723083496094, "14a.sql": 0.44002556800842285, "14b.sql": 0.2374732494354248, "14c.sql": 0.7336773872375488, "15b.sql": 0.03761887550354004, "15c.sql": 1.5569849014282227, "15d.sql": 0.5893075466156006, "16a.sql": 0.2710123062133789, "16b.sql": 3.013162612915039, "16c.sql": 2.668766736984253, "16d.sql": 2.7126691341400146, "17a.sql": 0.03737497329711914, "17b.sql": 1.7448742389678955, "17c.sql": 0.036760568618774414, "17d.sql": 2.2648117542266846, "17e.sql": 0.0380556583404541, "17f.sql": 4.24489164352417, "18a.sql": 4.298628330230713, "18c.sql": 4.346972703933716, "19a.sql": 0.03831052780151367, "19b.sql": 3.050309658050537, "19c.sql": 2.3824660778045654, "19d.sql": 4.4581804275512695, "1a.sql": 0.09036445617675781, "1b.sql": 0.08112645149230957, "1c.sql": 0.08598542213439941, "1d.sql": 0.08163690567016602, "20a.sql": 3.0086350440979004, "20b.sql": 2.2167537212371826, "21a.sql": 0.14104390144348145, "21b.sql": 0.11129951477050781, "21c.sql": 0.036240577697753906, "22a.sql": 0.5606584548950195, "22b.sql": 0.4262707233428955, "22c.sql": 1.8803982734680176, "22d.sql": 2.464036226272583, "23a.sql": 0.03671073913574219, "23b.sql": 0.035521507263183594, "23c.sql": 0.03547954559326172, "24a.sql": 2.676051616668701, "24b.sql": 0.16834330558776855, "25a.sql": 4.7081568241119385, "25b.sql": 2.1695034503936768, "25c.sql": 2.768996477127075, "26a.sql": 1.3293554782867432, "26c.sql": 1.7924435138702393, "27a.sql": 0.17128944396972656, "27b.sql": 0.03665590286254883, "27c.sql": 0.19052696228027344, "28a.sql": 1.872053623199463, "28b.sql": 1.3106985092163086, "28c.sql": 1.8831684589385986, "29a.sql": 0.23435521125793457, "29c.sql": 3.357430934906006, "2a.sql": 0.48656702041625977, "2b.sql": 0.4777853488922119, "2c.sql": 0.4576141834259033, "2d.sql": 0.03771257400512695, "30a.sql": 4.760331869125366, "30b.sql": 0.36899662017822266, "31a.sql": 2.479386568069458, "31b.sql": 2.488703489303589, "31c.sql": 3.4812803268432617, "32b.sql": 0.18636560440063477, "33a.sql": 0.03747749328613281, "33b.sql": 0.13101983070373535, "33c.sql": 0.03676795959472656, "3b.sql": 0.20141029357910156, "3c.sql": 0.037006378173828125, "4a.sql": 0.16527962684631348, "4c.sql": 0.17540526390075684, "5a.sql": 0.150651216506958, "5b.sql": 0.1418743133544922, "5c.sql": 0.036568641662597656, "6a.sql": 0.10006594657897949, "6b.sql": 0.34519171714782715, "6c.sql": 0.0809183120727539, "6d.sql": 4.867146730422974, "6e.sql": 1.382145643234253, "6f.sql": 4.916683673858643, "7a.sql": 0.9591522216796875, "7b.sql": 1.5689597129821777, "7c.sql": 2.3899168968200684, "8a.sql": 1.3604917526245117, "8b.sql": 1.9084641933441162, "8c.sql": 2.9428956508636475, "8d.sql": 0.0376889705657959, "9a.sql": 1.7782058715820312, "9b.sql": 1.5857117176055908, "9c.sql": 2.1392011642456055, "9d.sql": 2.749889850616455}