{"q10-001.sql": 0.02105402946472168, "q10-002.sql": 0.020918846130371094, "q10-003.sql": 0.0211942195892334, "q10-004.sql": 0.02115345001220703, "q10-005.sql": 0.02106165885925293, "q10-006.sql": 0.020707130432128906, "q10-007.sql": 0.02086353302001953, "q10-008.sql": 0.021195173263549805, "q10-009.sql": 0.020977020263671875, "q10-010.sql": 0.02095317840576172, "q10-011.sql": 0.02068948745727539, "q10-012.sql": 0.020244836807250977, "q10-013.sql": 0.021101713180541992, "q10-014.sql": 0.02078723907470703, "q10-015.sql": 0.021010398864746094, "q10-016.sql": 0.02088785171508789, "q10-017.sql": 0.021006345748901367, "q10-018.sql": 0.0211794376373291, "q10-019.sql": 0.020972013473510742, "q10-020.sql": 0.021079063415527344, "q10-021.sql": 0.020760536193847656, "q10-022.sql": 0.02079296112060547, "q10-023.sql": 0.020632505416870117, "q10-024.sql": 0.0208740234375, "q10-026.sql": 0.020947933197021484, "q10-027.sql": 0.020725250244140625, "q10-029.sql": 0.021132946014404297, "q10-030.sql": 0.021068096160888672, "q10-031.sql": 0.02101898193359375, "q10-032.sql": 0.02092766761779785, "q10-033.sql": 0.02080368995666504, "q10-034.sql": 0.02127814292907715, "q10-036.sql": 0.021091461181640625, "q10-037.sql": 0.02133345603942871, "q10-038.sql": 0.020839929580688477, "q10-039.sql": 0.020940780639648438, "q10-040.sql": 0.02083277702331543, "q10-042.sql": 0.020604372024536133, "q10-043.sql": 0.02074289321899414, "q10-044.sql": 0.020635128021240234, "q10-045.sql": 0.021025419235229492, "q10-046.sql": 0.02078080177307129, "q10-047.sql": 0.020885705947875977, "q10-048.sql": 0.020769596099853516, "q10-049.sql": 0.020615100860595703, "q10-050.sql": 0.021106719970703125, "q10-051.sql": 0.02111196517944336, "q10-052.sql": 0.0213010311126709, "q10-053.sql": 0.02098369598388672, "q10-054.sql": 0.02112436294555664, "q10-055.sql": 0.020957469940185547, "q10-056.sql": 0.020695209503173828, "q10-057.sql": 0.020998239517211914, "q10-058.sql": 0.020478248596191406, "q10-059.sql": 0.021106243133544922, "q10-060.sql": 0.021201372146606445, "q10-061.sql": 0.02055835723876953, "q10-062.sql": 0.021116018295288086, "q10-063.sql": 0.020652294158935547, "q10-064.sql": 0.021027088165283203, "q10-065.sql": 0.021271944046020508, "q10-066.sql": 0.02106308937072754, "q10-067.sql": 0.02072930335998535, "q10-068.sql": 0.020841121673583984, "q10-069.sql": 0.020940303802490234, "q10-071.sql": 0.020450353622436523, "q10-072.sql": 0.020928382873535156, "q10-073.sql": 0.020798683166503906, "q10-074.sql": 0.02079010009765625, "q10-075.sql": 0.020986318588256836, "q10-077.sql": 0.020936012268066406, "q10-078.sql": 0.020964622497558594, "q10-079.sql": 0.020344972610473633, "q10-080.sql": 0.02082967758178711, "q10-081.sql": 0.02110743522644043, "q10-082.sql": 0.021222352981567383, "q10-083.sql": 0.02153635025024414, "q10-085.sql": 0.020358562469482422, "q10-087.sql": 0.020962238311767578, "q10-088.sql": 0.020718812942504883, "q10-089.sql": 0.020801067352294922, "q10-090.sql": 0.020598888397216797, "q10-091.sql": 0.020325899124145508, "q10-092.sql": 0.020740985870361328, "q10-093.sql": 0.02079916000366211, "q10-094.sql": 0.020701169967651367, "q10-095.sql": 0.021070003509521484, "q10-096.sql": 0.020694971084594727, "q10-098.sql": 0.021123886108398438, "q10-099.sql": 0.02119612693786621}