{"10b.sql": 0.03566145896911621, "10c.sql": 4.638230562210083, "11a.sql": 0.11136460304260254, "11b.sql": 0.10751175880432129, "11c.sql": 1.068342924118042, "11d.sql": 0.24301767349243164, "12a.sql": 0.7160582542419434, "12b.sql": 0.09053611755371094, "12c.sql": 0.03658556938171387, "13a.sql": 0.03542637825012207, "13c.sql": 0.03542017936706543, "13d.sql": 0.03493475914001465, "14b.sql": 0.20740127563476562, "14c.sql": 0.720893144607544, "15b.sql": 0.038156986236572266, "15d.sql": 0.5882937908172607, "16a.sql": 0.2734518051147461, "16b.sql": 4.662278175354004, "16c.sql": 1.3773584365844727, "17a.sql": 0.0378108024597168, "17c.sql": 0.03612709045410156, "17d.sql": 2.3022494316101074, "17e.sql": 0.03696489334106445, "17f.sql": 0.03619718551635742, "18a.sql": 4.993228197097778, "18c.sql": 5.05993914604187, "19a.sql": 0.2729072570800781, "19b.sql": 0.15154671669006348, "19c.sql": 3.265324592590332, "1b.sql": 0.03766512870788574, "1c.sql": 0.035593509674072266, "1d.sql": 0.03539443016052246, "20a.sql": 3.0133678913116455, "20b.sql": 2.2161550521850586, "21a.sql": 0.12716960906982422, "21c.sql": 0.03668785095214844, "22a.sql": 0.0358433723449707, "22b.sql": 0.03494119644165039, "22c.sql": 1.8712928295135498, "22d.sql": 0.03741955757141113, "23a.sql": 0.28009581565856934, "23b.sql": 0.0380253791809082, "23c.sql": 0.4620015621185303, "24a.sql": 2.6809792518615723, "25a.sql": 5.116930246353149, "25b.sql": 0.5262575149536133, "25c.sql": 2.7653696537017822, "26a.sql": 1.3265867233276367, "26c.sql": 1.79636812210083, "27a.sql": 0.1320037841796875, "27b.sql": 0.09476995468139648, "27c.sql": 0.16635441780090332, "28a.sql": 5.201241731643677, "28b.sql": 0.5198056697845459, "28c.sql": 1.9002578258514404, "29a.sql": 0.2361283302307129, "29c.sql": 0.036879539489746094, "2a.sql": 0.4232323169708252, "2b.sql": 0.03679227828979492, "2c.sql": 0.036287784576416016, "2d.sql": 0.035326242446899414, "30a.sql": 5.350271701812744, "30b.sql": 0.3687894344329834, "31a.sql": 2.587718963623047, "31b.sql": 2.4839413166046143, "31c.sql": 1.0820140838623047, "32b.sql": 0.18720579147338867, "33a.sql": 0.03821086883544922, "33c.sql": 0.2032632827758789, "3b.sql": 0.03751826286315918, "4a.sql": 0.19630932807922363, "4c.sql": 0.20861029624938965, "5a.sql": 0.15074419975280762, "5b.sql": 0.14246344566345215, "5c.sql": 0.03604865074157715, "6a.sql": 0.03584456443786621, "6b.sql": 0.31084418296813965, "6c.sql": 0.03806710243225098, "6d.sql": 5.374534368515015, "6e.sql": 1.3825669288635254, "6f.sql": 5.434064149856567, "7a.sql": 0.963801383972168, "7b.sql": 1.572066068649292, "7c.sql": 2.3942782878875732, "8a.sql": 1.5243802070617676, "8b.sql": 0.18281817436218262, "8c.sql": 2.9600601196289062, "8d.sql": 2.4473953247070312, "9a.sql": 0.2564857006072998, "9b.sql": 1.5040738582611084, "9c.sql": 0.03739333152770996}