{"11c.sql": 0.03784894943237305, "12a.sql": 0.7029919624328613, "12b.sql": 0.03935122489929199, "12c.sql": 0.037416934967041016, "13a.sql": 0.03653550148010254, "13c.sql": 0.0354313850402832, "15a.sql": 0.3181335926055908, "15c.sql": 0.039063215255737305, "16a.sql": 0.03588151931762695, "17a.sql": 0.03575444221496582, "17d.sql": 2.3675782680511475, "17f.sql": 0.03761911392211914, "18c.sql": 0.03735208511352539, "1a.sql": 0.03579592704772949, "1d.sql": 0.03603100776672363, "21a.sql": 0.12335205078125, "22a.sql": 1.3104324340820312, "22b.sql": 1.313136100769043, "23a.sql": 0.2545595169067383, "23c.sql": 0.3599209785461426, "24b.sql": 0.1615278720855713, "26b.sql": 0.3324007987976074, "26c.sql": 1.8169541358947754, "27a.sql": 0.03941822052001953, "29b.sql": 0.13822150230407715, "29c.sql": 0.4554557800292969, "2b.sql": 0.39704322814941406, "2c.sql": 0.03817439079284668, "31a.sql": 0.03686976432800293, "31b.sql": 0.3545534610748291, "31c.sql": 2.9048421382904053, "32a.sql": 0.03664350509643555, "33a.sql": 0.036246538162231445, "33c.sql": 0.20176196098327637, "3b.sql": 0.20059609413146973, "3c.sql": 0.0375823974609375, "4a.sql": 0.1950240135192871, "4c.sql": 0.20726394653320312, "5a.sql": 0.14948725700378418, "6c.sql": 0.03794074058532715, "6d.sql": 7.769991159439087, "6e.sql": 0.04037165641784668, "6f.sql": 0.03732657432556152, "7c.sql": 2.414886236190796, "8c.sql": 7.821763515472412, "9b.sql": 0.0393369197845459}