{"11c.sql": 0.03752636909484863, "12a.sql": 0.6973540782928467, "12b.sql": 0.037457942962646484, "12c.sql": 0.03629255294799805, "13a.sql": 0.03694581985473633, "13c.sql": 0.03656625747680664, "15c.sql": 0.03628396987915039, "17a.sql": 0.0368657112121582, "17d.sql": 2.3064188957214355, "17f.sql": 0.03679823875427246, "1a.sql": 0.28104352951049805, "1d.sql": 0.036934614181518555, "21a.sql": 0.1225135326385498, "22a.sql": 0.6998488903045654, "22b.sql": 0.5319352149963379, "23c.sql": 0.35823845863342285, "24b.sql": 0.03848099708557129, "26b.sql": 0.31714820861816406, "26c.sql": 1.7985749244689941, "27a.sql": 0.039638519287109375, "29c.sql": 0.4536888599395752, "2c.sql": 0.03931784629821777, "31a.sql": 0.03798389434814453, "31c.sql": 1.085639476776123, "32a.sql": 0.038785457611083984, "3b.sql": 0.20136475563049316, "3c.sql": 0.0384678840637207, "4c.sql": 0.1788318157196045, "6c.sql": 0.03828716278076172, "6e.sql": 0.03663325309753418, "6f.sql": 0.03598356246948242, "7c.sql": 3.466984510421753, "8c.sql": 9.023330450057983, "9b.sql": 0.040604591369628906}