{"10b.sql": 0.03801584243774414, "11a.sql": 0.10869431495666504, "11c.sql": 0.03829765319824219, "12a.sql": 0.6998755931854248, "12c.sql": 0.8573441505432129, "13b.sql": 0.03868889808654785, "13d.sql": 0.03693842887878418, "14c.sql": 0.7210783958435059, "15c.sql": 0.039748191833496094, "16a.sql": 0.03713274002075195, "16b.sql": 5.062954664230347, "16d.sql": 1.1095426082611084, "17a.sql": 0.038829803466796875, "17b.sql": 0.037842750549316406, "19d.sql": 8.220385551452637, "1d.sql": 0.04068708419799805, "21a.sql": 0.12365889549255371, "24a.sql": 0.0381166934967041, "25a.sql": 2.3693861961364746, "26c.sql": 1.8080322742462158, "27a.sql": 0.1318504810333252, "27b.sql": 0.09562039375305176, "2a.sql": 0.4171898365020752, "30a.sql": 9.086117506027222, "30b.sql": 0.36838507652282715, "31c.sql": 1.080146312713623, "33a.sql": 0.039864540100097656, "3a.sql": 0.03682661056518555, "4a.sql": 0.03707098960876465, "4b.sql": 0.16985607147216797, "5c.sql": 0.03837156295776367, "8d.sql": 0.03791022300720215, "9a.sql": 0.250901460647583, "9b.sql": 0.037671566009521484}