{"10a.sql": 0.03427004814147949, "10c.sql": 0.03460884094238281, "11a.sql": 0.03425264358520508, "11b.sql": 0.034174442291259766, "11c.sql": 0.034636497497558594, "11d.sql": 0.034473419189453125, "12a.sql": 0.03478670120239258, "12b.sql": 0.0351412296295166, "13a.sql": 0.034688711166381836, "13b.sql": 0.034775495529174805, "13c.sql": 0.03470349311828613, "13d.sql": 0.034559011459350586, "14a.sql": 0.034104108810424805, "14b.sql": 0.033952951431274414, "14c.sql": 0.035004615783691406, "15a.sql": 0.03479886054992676, "15b.sql": 0.033991098403930664, "15c.sql": 0.03449225425720215, "15d.sql": 0.034519195556640625, "16a.sql": 0.03451681137084961, "16b.sql": 0.03421807289123535, "16c.sql": 0.034620046615600586, "16d.sql": 0.03418374061584473, "17a.sql": 0.035402774810791016, "17b.sql": 0.03460192680358887, "17c.sql": 0.03460097312927246, "17d.sql": 0.034233808517456055, "17e.sql": 0.034555673599243164, "17f.sql": 0.034261465072631836, "18a.sql": 0.03423190116882324, "18b.sql": 0.034696102142333984, "18c.sql": 0.03502964973449707, "19a.sql": 0.03405022621154785, "19b.sql": 0.03467226028442383, "19c.sql": 0.03466057777404785, "19d.sql": 0.03449225425720215, "1a.sql": 0.0348203182220459, "1b.sql": 0.034219980239868164, "1c.sql": 0.034450531005859375, "1d.sql": 0.03443193435668945, "20a.sql": 0.03429675102233887, "20b.sql": 0.034394264221191406, "20c.sql": 0.03483152389526367, "21a.sql": 0.03464984893798828, "21c.sql": 0.035062551498413086, "22a.sql": 0.034790992736816406, "22b.sql": 0.03447365760803223, "22d.sql": 0.03506040573120117, "23a.sql": 0.03425931930541992, "23b.sql": 0.0347137451171875, "23c.sql": 0.034679412841796875, "24b.sql": 0.03453946113586426, "25a.sql": 0.034813642501831055, "25c.sql": 0.0354769229888916, "26a.sql": 0.0346376895904541, "26b.sql": 0.034572601318359375, "26c.sql": 0.03445315361022949, "27a.sql": 0.03431844711303711, "27b.sql": 0.034079790115356445, "27c.sql": 0.03497576713562012, "28a.sql": 0.03442859649658203, "28b.sql": 0.03495049476623535, "28c.sql": 0.03495979309082031, "29b.sql": 0.03483295440673828, "29c.sql": 0.03432440757751465, "2b.sql": 0.034503936767578125, "2c.sql": 0.03322315216064453, "2d.sql": 0.034566640853881836, "30a.sql": 0.033296823501586914, "30b.sql": 0.03492021560668945, "30c.sql": 0.03497576713562012, "31a.sql": 0.03479743003845215, "31b.sql": 0.03390359878540039, "31c.sql": 0.03466224670410156, "32a.sql": 0.03368973731994629, "32b.sql": 0.03463888168334961, "33a.sql": 0.0336151123046875, "33b.sql": 0.0345914363861084, "33c.sql": 0.03480076789855957, "3b.sql": 0.0348200798034668, "3c.sql": 0.03471875190734863, "4a.sql": 0.03467297554016113, "4b.sql": 0.033804893493652344, "4c.sql": 0.034523725509643555, "5a.sql": 0.03296828269958496, "5c.sql": 0.03448653221130371, "6a.sql": 0.03446149826049805, "6b.sql": 0.034522056579589844, "6c.sql": 0.03491997718811035, "6d.sql": 0.03533172607421875, "6e.sql": 0.03388166427612305, "6f.sql": 0.034719228744506836, "7a.sql": 0.03422188758850098, "7b.sql": 0.0348055362701416, "8a.sql": 0.03376340866088867, "8b.sql": 0.03505301475524902, "8c.sql": 0.03408932685852051, "8d.sql": 0.03367280960083008, "9a.sql": 0.03382086753845215, "9b.sql": 0.03488588333129883, "9c.sql": 0.0339360237121582, "9d.sql": 0.034822702407836914}