{"10b.sql": 0.03776979446411133, "10c.sql": 9.702880144119263, "13a.sql": 0.042148590087890625, "15b.sql": 0.03687167167663574, "15d.sql": 0.5864534378051758, "16c.sql": 0.03784918785095215, "17c.sql": 9.611607551574707, "17d.sql": 2.369523286819458, "18a.sql": 1.9888787269592285, "19a.sql": 0.037520647048950195, "19c.sql": 0.03671598434448242, "1c.sql": 0.03626656532287598, "20a.sql": 1.6284167766571045, "21a.sql": 0.12732982635498047, "21c.sql": 0.0908346176147461, "22b.sql": 0.03771162033081055, "22d.sql": 2.4519925117492676, "23b.sql": 0.037984371185302734, "25a.sql": 0.037926673889160156, "28a.sql": 1.8585803508758545, "28c.sql": 1.829622507095337, "29a.sql": 0.15813255310058594, "2a.sql": 0.4170072078704834, "31b.sql": 0.03856992721557617, "31c.sql": 1.0854465961456299, "3b.sql": 0.04030585289001465, "5c.sql": 0.2614939212799072, "6a.sql": 0.03958535194396973, "6e.sql": 0.07414436340332031, "6f.sql": 0.03778243064880371, "7b.sql": 0.3579227924346924, "8c.sql": 9.798689842224121, "9a.sql": 0.2598905563354492, "9c.sql": 0.0382540225982666}