{"10b.sql": 0.034450531005859375, "10c.sql": 0.03360462188720703, "11a.sql": 0.03534555435180664, "12c.sql": 0.17406988143920898, "13a.sql": 0.03539919853210449, "13c.sql": 0.035486698150634766, "15b.sql": 0.034891605377197266, "15d.sql": 0.1773815155029297, "16c.sql": 0.03446221351623535, "17c.sql": 0.03445839881896973, "17d.sql": 0.23313665390014648, "18a.sql": 0.03371286392211914, "18c.sql": 0.033826351165771484, "19a.sql": 0.0346221923828125, "19b.sql": 0.03576469421386719, "19c.sql": 0.03539752960205078, "1c.sql": 0.31122279167175293, "20a.sql": 0.03514218330383301, "20b.sql": 0.03455638885498047, "21a.sql": 0.034661054611206055, "21c.sql": 0.033804893493652344, "22a.sql": 0.03456878662109375, "22b.sql": 0.03493189811706543, "22d.sql": 0.034329891204833984, "23b.sql": 0.03446507453918457, "23c.sql": 0.0344700813293457, "24a.sql": 0.03417086601257324, "25a.sql": 0.034044742584228516, "25c.sql": 0.034509897232055664, "27a.sql": 0.03429675102233887, "28a.sql": 0.03369641304016113, "28b.sql": 0.03422236442565918, "28c.sql": 0.03474783897399902, "29a.sql": 0.18042349815368652, "2a.sql": 0.17774176597595215, "30a.sql": 0.17359066009521484, "31b.sql": 0.03448915481567383, "31c.sql": 0.03487038612365723, "32b.sql": 0.034487247467041016, "33c.sql": 0.032978057861328125, "3b.sql": 0.03381514549255371, "4a.sql": 0.033657073974609375, "4c.sql": 0.034093379974365234, "5a.sql": 0.03309798240661621, "5b.sql": 0.034273624420166016, "5c.sql": 0.03393983840942383, "6a.sql": 0.034766197204589844, "6c.sql": 0.0347135066986084, "6e.sql": 0.034355878829956055, "6f.sql": 0.1761493682861328, "7a.sql": 0.03429841995239258, "7b.sql": 0.03332781791687012, "8c.sql": 1.183344841003418, "8d.sql": 0.03586769104003906, "9a.sql": 0.03508305549621582, "9b.sql": 0.03371763229370117, "9c.sql": 0.03499555587768555}