{"10a.sql": 0.035003662109375, "10b.sql": 0.03473782539367676, "11a.sql": 0.035604238510131836, "11b.sql": 0.03522968292236328, "11c.sql": 0.03532099723815918, "11d.sql": 0.03513598442077637, "12a.sql": 0.03556346893310547, "12c.sql": 0.0351107120513916, "13b.sql": 0.03580737113952637, "13d.sql": 0.07469606399536133, "14b.sql": 0.0352325439453125, "14c.sql": 0.03490757942199707, "15c.sql": 0.03522491455078125, "16a.sql": 0.0347440242767334, "16b.sql": 0.033475637435913086, "16c.sql": 0.034769296646118164, "16d.sql": 0.033507347106933594, "17a.sql": 0.03488802909851074, "17b.sql": 0.035419464111328125, "17c.sql": 0.03513050079345703, "17f.sql": 0.17902731895446777, "18a.sql": 0.03489351272583008, "18b.sql": 0.03412294387817383, "18c.sql": 0.034674882888793945, "19d.sql": 0.22362041473388672, "1a.sql": 0.03525519371032715, "1b.sql": 0.03315448760986328, "1d.sql": 0.035123586654663086, "20c.sql": 0.17616963386535645, "21a.sql": 0.03479266166687012, "22a.sql": 0.17998957633972168, "22b.sql": 0.036623477935791016, "23a.sql": 0.035364627838134766, "23c.sql": 0.03551006317138672, "24a.sql": 0.03547215461730957, "24b.sql": 0.0352323055267334, "25a.sql": 0.035367488861083984, "25c.sql": 0.03531956672668457, "26a.sql": 0.035428762435913086, "26c.sql": 0.035509347915649414, "27a.sql": 0.03509998321533203, "27b.sql": 0.03556561470031738, "29a.sql": 0.03507709503173828, "29c.sql": 0.03520822525024414, "2a.sql": 0.035141706466674805, "2b.sql": 0.03470492362976074, "2d.sql": 0.03515052795410156, "30a.sql": 0.035500526428222656, "30b.sql": 0.035498619079589844, "31b.sql": 0.03510928153991699, "31c.sql": 0.035356998443603516, "33a.sql": 0.035224199295043945, "33b.sql": 0.035930633544921875, "3a.sql": 0.03527212142944336, "4a.sql": 0.03475189208984375, "4b.sql": 0.03451037406921387, "5c.sql": 0.035032033920288086, "6a.sql": 2.6635398864746094, "6b.sql": 0.035764455795288086, "6e.sql": 0.03454017639160156, "7a.sql": 0.033881187438964844, "7c.sql": 0.03487801551818848, "8c.sql": 1.1823582649230957, "8d.sql": 0.034399986267089844, "9a.sql": 0.03405427932739258, "9b.sql": 0.03428840637207031, "9c.sql": 0.035492658615112305, "9d.sql": 0.03409266471862793}