{"1.sql": {"63": 19.762651443481445, "55": 19.717089414596558, "47": 19.703721046447754, "39": 19.7012619972229, "23": 19.696929454803467, "opt": 23}, "10.sql": {"63": 6.133855819702148, "55": 6.174802541732788, "39": 6.06734824180603, "15": 4.145970582962036, "opt": 15}, "11.sql": {"63": 1.7083463668823242, "55": 1.1299324035644531, "opt": 55}, "12.sql": {"63": 5.531888961791992, "55": 5.547319412231445, "47": 5.533505201339722, "39": 5.545520305633545, "31": 4.239548444747925, "15": 4.237484693527222, "opt": 15}, "13.sql": {"63": 4.985253572463989, "55": 4.975158929824829, "47": 4.967254161834717, "39": 5.0050270557403564, "opt": 47}, "14.sql": {"63": 2.879603862762451, "55": 2.9082345962524414, "39": 2.9066295623779297, "opt": 63}, "15.sql": {"63": 7.207323789596558, "47": 7.189467668533325, "31": 7.198785305023193, "opt": 47}, "16.sql": {"63": 2.799816370010376, "47": 2.799257278442383, "39": 2.747736930847168, "31": 2.745673418045044, "opt": 31}, "17.sql": {"63": 11.702965497970581, "47": 11.669126272201538, "31": 1.0582101345062256, "7": 0.8410685062408447, "opt": 7}, "18.sql": {"63": 27.422367334365845, "47": 27.32824182510376, "31": 26.228076934814453, "15": 10.524392127990723, "opt": 15}, "19.sql": {"63": 0.3766345977783203, "47": 0.37549567222595215, "31": 0.37589216232299805, "15": 0.3757443428039551, "opt": 47}, "2.sql": {"63": 4.596408128738403, "47": 3.860220432281494, "opt": 47}, "20.sql": {"63": 8.231911659240723, "31": 8.231555461883545, "opt": 31}, "21.sql": {"63": 5.182833671569824, "opt": 63}, "22.sql": {"63": 0.5021347999572754, "47": 0.495044469833374, "31": 0.49750757217407227, "7": 0.4968404769897461, "opt": 47}, "3.sql": {"63": 6.5804548263549805, "55": 6.446800470352173, "47": 6.562559366226196, "39": 6.474778890609741, "opt": 55}, "4.sql": {"63": 1.6508328914642334, "47": 1.6502678394317627, "15": 1.6484134197235107, "opt": 15}, "5.sql": {"63": 6.256986856460571, "55": 6.1347737312316895, "39": 6.188480615615845, "opt": 55}, "6.sql": {"63": 2.825270414352417, "55": 2.82068133354187, "47": 2.820418119430542, "39": 2.8216140270233154, "23": 2.819700002670288, "7": 2.818276882171631, "opt": 7}, "7.sql": {"63": 4.787431716918945, "47": 4.798258543014526, "opt": 63}, "8.sql": {"63": 2.442369222640991, "47": 2.4563047885894775, "15": 2.2715280055999756, "opt": 15}, "9.sql": {"63": 9.519986152648926, "55": 9.637880802154541, "47": 9.472831010818481, "opt": 47}}