{"10b.sql": 0.03458857536315918, "10c.sql": 0.03427243232727051, "11a.sql": 0.0348057746887207, "11b.sql": 0.03472018241882324, "11c.sql": 0.034644126892089844, "11d.sql": 0.034027099609375, "12a.sql": 0.03450965881347656, "12b.sql": 0.03296995162963867, "12c.sql": 0.0344548225402832, "13a.sql": 0.033776044845581055, "13c.sql": 0.03408002853393555, "13d.sql": 0.03484940528869629, "14a.sql": 0.034605979919433594, "14b.sql": 0.0338129997253418, "14c.sql": 0.03440546989440918, "15b.sql": 0.03418898582458496, "15c.sql": 0.03441429138183594, "15d.sql": 0.03486347198486328, "16a.sql": 0.035100460052490234, "16b.sql": 0.035187721252441406, "16c.sql": 0.03534340858459473, "16d.sql": 0.03551125526428223, "17a.sql": 0.034787893295288086, "17b.sql": 0.03519082069396973, "17c.sql": 0.034989356994628906, "17d.sql": 0.03514575958251953, "17e.sql": 0.034768104553222656, "17f.sql": 0.03477168083190918, "18a.sql": 0.035362958908081055, "18c.sql": 0.035280466079711914, "19a.sql": 0.0346982479095459, "19b.sql": 0.035363197326660156, "19c.sql": 0.03520560264587402, "19d.sql": 0.03444027900695801, "1a.sql": 0.03510737419128418, "1b.sql": 0.03538799285888672, "1c.sql": 0.03490471839904785, "1d.sql": 0.035686492919921875, "20a.sql": 0.03514504432678223, "20b.sql": 0.035257816314697266, "21a.sql": 0.03479743003845215, "21b.sql": 0.03520536422729492, "21c.sql": 0.034764766693115234, "22a.sql": 0.03390669822692871, "22b.sql": 0.03426241874694824, "22c.sql": 0.034961700439453125, "22d.sql": 0.03507518768310547, "23a.sql": 0.03478288650512695, "23b.sql": 0.03524136543273926, "23c.sql": 0.03547024726867676, "24a.sql": 0.03469204902648926, "24b.sql": 0.035327911376953125, "25a.sql": 0.03476834297180176, "25b.sql": 0.03456282615661621, "25c.sql": 0.03528547286987305, "26a.sql": 0.03549933433532715, "26c.sql": 0.03447461128234863, "27a.sql": 0.03517580032348633, "27b.sql": 0.03484535217285156, "27c.sql": 0.03479623794555664, "28a.sql": 0.03509235382080078, "28b.sql": 0.03510093688964844, "28c.sql": 0.0356907844543457, "29a.sql": 0.035428762435913086, "29c.sql": 0.03490948677062988, "2a.sql": 0.035310983657836914, "2b.sql": 0.03517913818359375, "2c.sql": 0.03500986099243164, "2d.sql": 0.03515172004699707, "30a.sql": 0.035428524017333984, "30b.sql": 0.03464031219482422, "31a.sql": 0.035241127014160156, "31b.sql": 0.03542733192443848, "31c.sql": 0.035048723220825195, "32b.sql": 0.03522777557373047, "33a.sql": 0.0353848934173584, "33b.sql": 0.03501582145690918, "33c.sql": 0.03548002243041992, "3b.sql": 0.03509807586669922, "3c.sql": 0.03556227684020996, "4a.sql": 0.0352935791015625, "4c.sql": 0.033792972564697266, "5a.sql": 0.03423142433166504, "5b.sql": 0.03447127342224121, "5c.sql": 0.03408193588256836, "6a.sql": 0.034249067306518555, "6b.sql": 0.034194231033325195, "6c.sql": 0.03369641304016113, "6d.sql": 0.03475141525268555, "6e.sql": 0.03447127342224121, "6f.sql": 0.034513235092163086, "7a.sql": 0.03532910346984863, "7b.sql": 0.034564971923828125, "7c.sql": 0.03319287300109863, "8a.sql": 0.034410953521728516, "8b.sql": 0.03392791748046875, "8c.sql": 0.03392672538757324, "8d.sql": 0.034951210021972656, "9a.sql": 0.03434348106384277, "9b.sql": 0.03449368476867676, "9c.sql": 0.03430628776550293, "9d.sql": 0.03475046157836914}