{"10b.sql": 0.034041404724121094, "10c.sql": 0.034455060958862305, "11a.sql": 0.035388946533203125, "12b.sql": 0.03428244590759277, "12c.sql": 0.033838510513305664, "13a.sql": 0.03524637222290039, "13c.sql": 0.034592390060424805, "13d.sql": 0.033506155014038086, "14c.sql": 0.17732477188110352, "15b.sql": 0.03495383262634277, "15d.sql": 0.1753861904144287, "16a.sql": 0.035242557525634766, "16b.sql": 0.0356447696685791, "16c.sql": 0.03528928756713867, "17a.sql": 0.03522825241088867, "17c.sql": 0.03461194038391113, "17d.sql": 0.1763010025024414, "17e.sql": 0.22385406494140625, "18a.sql": 0.03350067138671875, "18c.sql": 0.03456687927246094, "19a.sql": 0.03437352180480957, "19b.sql": 0.03496074676513672, "19c.sql": 0.03495025634765625, "1b.sql": 0.03446459770202637, "1c.sql": 1.0895297527313232, "20a.sql": 0.034273386001586914, "20b.sql": 0.03540682792663574, "21a.sql": 0.034247398376464844, "21c.sql": 0.03416609764099121, "22a.sql": 0.03424572944641113, "22b.sql": 0.033698320388793945, "22c.sql": 0.033902883529663086, "22d.sql": 0.03425288200378418, "23b.sql": 0.03354024887084961, "23c.sql": 0.03538656234741211, "24a.sql": 0.03560161590576172, "25a.sql": 0.03446245193481445, "25b.sql": 0.03427243232727051, "25c.sql": 0.03390693664550781, "26a.sql": 0.03374767303466797, "26c.sql": 0.03360414505004883, "27a.sql": 0.03420424461364746, "27b.sql": 0.03364396095275879, "27c.sql": 0.03407883644104004, "28a.sql": 0.03425335884094238, "28b.sql": 0.03371787071228027, "28c.sql": 0.03346991539001465, "29a.sql": 0.0339665412902832, "29c.sql": 0.033434152603149414, "2a.sql": 0.03342795372009277, "2b.sql": 0.03415799140930176, "2d.sql": 0.034621477127075195, "30a.sql": 0.17562532424926758, "31a.sql": 0.03350234031677246, "31b.sql": 0.0345606803894043, "31c.sql": 0.03363823890686035, "32b.sql": 0.03363847732543945, "33a.sql": 0.03519940376281738, "33c.sql": 0.034520626068115234, "3b.sql": 0.0344843864440918, "4a.sql": 0.03400135040283203, "4c.sql": 0.03427577018737793, "5a.sql": 0.03394508361816406, "5b.sql": 0.034451961517333984, "5c.sql": 0.03401970863342285, "6a.sql": 0.03384685516357422, "6b.sql": 0.03540658950805664, "6c.sql": 0.034244537353515625, "6e.sql": 0.03373885154724121, "6f.sql": 0.03409743309020996, "7a.sql": 0.03405356407165527, "7b.sql": 0.0341641902923584, "7c.sql": 0.03428077697753906, "8a.sql": 0.03415632247924805, "8b.sql": 0.034964799880981445, "8c.sql": 0.034845829010009766, "8d.sql": 0.03393101692199707, "9a.sql": 0.03391313552856445, "9b.sql": 0.03388547897338867, "9c.sql": 0.034125566482543945}