{"10c.sql": 0.17297840118408203, "11b.sql": 0.034723758697509766, "11c.sql": 0.03499770164489746, "13a.sql": 0.03355550765991211, "13c.sql": 0.03324294090270996, "13d.sql": 0.033967018127441406, "14a.sql": 0.03364992141723633, "14c.sql": 0.03397250175476074, "15c.sql": 0.17456674575805664, "15d.sql": 0.22571778297424316, "16d.sql": 0.03599405288696289, "17a.sql": 0.034128427505493164, "17b.sql": 0.034774065017700195, "17c.sql": 0.03458285331726074, "17e.sql": 0.1750802993774414, "18a.sql": 0.1738262176513672, "19a.sql": 0.03491783142089844, "19b.sql": 0.03472733497619629, "19d.sql": 0.034667015075683594, "1d.sql": 0.034853219985961914, "20b.sql": 0.17275452613830566, "21c.sql": 0.07351565361022949, "22d.sql": 0.22104406356811523, "23b.sql": 0.033914804458618164, "23c.sql": 0.03379631042480469, "26a.sql": 0.035326480865478516, "26b.sql": 0.03472542762756348, "27a.sql": 0.03455328941345215, "27b.sql": 0.034931182861328125, "28b.sql": 0.03497481346130371, "28c.sql": 0.035083770751953125, "29b.sql": 0.034430742263793945, "2c.sql": 0.035182952880859375, "30b.sql": 0.03426170349121094, "31a.sql": 0.03486919403076172, "31c.sql": 0.035208940505981445, "32a.sql": 0.033960580825805664, "33a.sql": 0.03490161895751953, "3b.sql": 0.03464007377624512, "4b.sql": 0.03430771827697754, "4c.sql": 0.034815311431884766, "6a.sql": 2.70998477935791, "7a.sql": 0.03539872169494629, "8b.sql": 0.03517007827758789, "8c.sql": 0.17530345916748047, "9a.sql": 2.769958257675171}