{"10b.sql": 0.03433799743652344, "10c.sql": 0.03439903259277344, "13a.sql": 0.03534364700317383, "15b.sql": 0.03441977500915527, "15d.sql": 0.17518138885498047, "16c.sql": 0.035010337829589844, "17c.sql": 0.03499579429626465, "17d.sql": 0.22845697402954102, "18a.sql": 0.17418694496154785, "19a.sql": 0.034421682357788086, "19c.sql": 0.17392683029174805, "1c.sql": 0.28977155685424805, "20a.sql": 0.17513418197631836, "21a.sql": 0.0356755256652832, "21c.sql": 0.03521275520324707, "22b.sql": 0.035127878189086914, "22d.sql": 0.1758716106414795, "23b.sql": 0.17734742164611816, "25a.sql": 0.03422689437866211, "28a.sql": 0.03498697280883789, "28c.sql": 0.03449654579162598, "29a.sql": 0.17781400680541992, "2a.sql": 0.17524313926696777, "31b.sql": 0.03503584861755371, "31c.sql": 0.03471255302429199, "3b.sql": 0.03479957580566406, "5c.sql": 0.034857749938964844, "6a.sql": 1.5789756774902344, "6e.sql": 0.034818410873413086, "6f.sql": 0.2685983180999756, "7b.sql": 0.03402280807495117, "8c.sql": 0.22084307670593262, "9a.sql": 0.03438544273376465, "9c.sql": 0.033624887466430664}