{"q10-001.sql": 0.02094101905822754, "q10-002.sql": 0.020947694778442383, "q10-003.sql": 0.02096247673034668, "q10-004.sql": 0.020464181900024414, "q10-005.sql": 0.020574092864990234, "q10-006.sql": 0.020161867141723633, "q10-007.sql": 0.020566940307617188, "q10-008.sql": 0.020881175994873047, "q10-009.sql": 0.020565032958984375, "q10-010.sql": 0.02028369903564453, "q10-011.sql": 0.02072906494140625, "q10-012.sql": 0.02065110206604004, "q10-013.sql": 0.02072930335998535, "q10-014.sql": 0.020458459854125977, "q10-015.sql": 0.02006983757019043, "q10-016.sql": 0.020499229431152344, "q10-017.sql": 0.02109503746032715, "q10-018.sql": 0.020787715911865234, "q10-019.sql": 0.020161867141723633, "q10-020.sql": 0.02032756805419922, "q10-021.sql": 0.020464658737182617, "q10-022.sql": 0.02078390121459961, "q10-023.sql": 0.02059030532836914, "q10-024.sql": 0.02043461799621582, "q10-026.sql": 0.02053976058959961, "q10-027.sql": 0.02055644989013672, "q10-029.sql": 0.020878076553344727, "q10-030.sql": 0.020267248153686523, "q10-031.sql": 0.020418405532836914, "q10-032.sql": 0.020511627197265625, "q10-033.sql": 0.020910024642944336, "q10-034.sql": 0.021079063415527344, "q10-036.sql": 0.020706653594970703, "q10-037.sql": 0.02045297622680664, "q10-038.sql": 0.020652294158935547, "q10-039.sql": 0.020737409591674805, "q10-040.sql": 0.020632266998291016, "q10-042.sql": 0.020610570907592773, "q10-043.sql": 0.020705461502075195, "q10-044.sql": 0.020486116409301758, "q10-045.sql": 0.0205838680267334, "q10-046.sql": 0.02080988883972168, "q10-047.sql": 0.020082473754882812, "q10-048.sql": 0.020173072814941406, "q10-049.sql": 0.020724773406982422, "q10-050.sql": 0.021181106567382812, "q10-051.sql": 0.020544767379760742, "q10-052.sql": 0.02065443992614746, "q10-053.sql": 0.02059650421142578, "q10-054.sql": 0.020169734954833984, "q10-055.sql": 0.020229101181030273, "q10-056.sql": 0.02077507972717285, "q10-057.sql": 0.020505189895629883, "q10-058.sql": 0.020955801010131836, "q10-059.sql": 0.020389556884765625, "q10-060.sql": 0.020556926727294922, "q10-061.sql": 0.02073979377746582, "q10-062.sql": 0.020294904708862305, "q10-063.sql": 0.02054905891418457, "q10-064.sql": 0.020719051361083984, "q10-065.sql": 0.02099299430847168, "q10-066.sql": 0.02072930335998535, "q10-067.sql": 0.020433664321899414, "q10-068.sql": 0.0203402042388916, "q10-069.sql": 0.02059459686279297, "q10-071.sql": 0.020943641662597656, "q10-072.sql": 0.020417451858520508, "q10-073.sql": 0.020459651947021484, "q10-074.sql": 0.020488977432250977, "q10-075.sql": 0.02068471908569336, "q10-077.sql": 0.020514249801635742, "q10-078.sql": 0.020281314849853516, "q10-079.sql": 0.020433902740478516, "q10-080.sql": 0.020711421966552734, "q10-081.sql": 0.020669937133789062, "q10-082.sql": 0.021040678024291992, "q10-083.sql": 0.020577192306518555, "q10-085.sql": 0.02048325538635254, "q10-087.sql": 0.02046656608581543, "q10-088.sql": 0.020778894424438477, "q10-089.sql": 0.021100997924804688, "q10-090.sql": 0.021005868911743164, "q10-091.sql": 0.020903587341308594, "q10-092.sql": 0.020216703414916992, "q10-093.sql": 0.02064371109008789, "q10-094.sql": 0.020708560943603516, "q10-095.sql": 0.020540952682495117, "q10-096.sql": 0.02068042755126953, "q10-098.sql": 0.020792007446289062, "q10-099.sql": 0.02123093605041504}