{"10b.sql": 0.03432202339172363, "11a.sql": 0.03411602973937988, "11b.sql": 0.03329324722290039, "11c.sql": 0.03410005569458008, "11d.sql": 0.03456616401672363, "12a.sql": 0.034931182861328125, "12c.sql": 0.034650325775146484, "13b.sql": 0.03524351119995117, "13d.sql": 0.07583355903625488, "14b.sql": 0.035180091857910156, "14c.sql": 0.03526139259338379, "15c.sql": 0.03600740432739258, "16a.sql": 0.03546547889709473, "16b.sql": 0.03322243690490723, "16c.sql": 0.03453207015991211, "16d.sql": 0.03380894660949707, "17a.sql": 0.03514671325683594, "17b.sql": 0.03478050231933594, "17c.sql": 0.03541302680969238, "17f.sql": 0.18248748779296875, "18a.sql": 0.03380894660949707, "18c.sql": 0.034964799880981445, "19d.sql": 0.2251272201538086, "1a.sql": 0.07421278953552246, "1d.sql": 0.034282684326171875, "20c.sql": 0.17795276641845703, "21a.sql": 0.03449749946594238, "22a.sql": 0.17884039878845215, "22b.sql": 0.03484773635864258, "24a.sql": 0.034544944763183594, "24b.sql": 0.03444361686706543, "25a.sql": 0.03439927101135254, "25c.sql": 0.034874916076660156, "26a.sql": 0.03397798538208008, "26c.sql": 0.03414797782897949, "27a.sql": 0.03520798683166504, "27b.sql": 0.035513877868652344, "29a.sql": 0.03412914276123047, "29c.sql": 0.034516096115112305, "2a.sql": 0.03464794158935547, "2b.sql": 0.034395456314086914, "2d.sql": 0.034798622131347656, "30a.sql": 0.03466987609863281, "30b.sql": 0.03394341468811035, "31b.sql": 0.0353846549987793, "31c.sql": 0.0344851016998291, "33a.sql": 0.033846139907836914, "33b.sql": 0.0341184139251709, "3a.sql": 0.03434467315673828, "4a.sql": 0.034444332122802734, "4b.sql": 0.034354209899902344, "5c.sql": 0.035445451736450195, "6b.sql": 0.03468465805053711, "8d.sql": 0.03564763069152832, "9a.sql": 0.03439974784851074, "9b.sql": 0.0348353385925293, "9c.sql": 0.03432273864746094}