{"10b.sql": 0.03325605392456055, "11a.sql": 0.03312969207763672, "11b.sql": 0.033574581146240234, "11c.sql": 0.03351259231567383, "11d.sql": 0.03476071357727051, "12a.sql": 0.03364729881286621, "12c.sql": 0.03414630889892578, "13b.sql": 0.03402566909790039, "13d.sql": 0.07356619834899902, "14c.sql": 0.1752946376800537, "15c.sql": 0.03420114517211914, "16a.sql": 0.03395438194274902, "16b.sql": 0.034090280532836914, "16c.sql": 0.0340731143951416, "16d.sql": 0.03444314002990723, "17a.sql": 0.03502321243286133, "17b.sql": 0.034555673599243164, "17c.sql": 0.03418993949890137, "17f.sql": 0.17458438873291016, "18c.sql": 0.17800426483154297, "19d.sql": 0.22292470932006836, "1a.sql": 0.07291030883789062, "1d.sql": 0.03442525863647461, "21a.sql": 0.033745765686035156, "22b.sql": 0.03455352783203125, "24a.sql": 0.034273386001586914, "25a.sql": 0.03364253044128418, "25c.sql": 0.034815073013305664, "26c.sql": 0.1738278865814209, "27a.sql": 0.03403782844543457, "27b.sql": 0.03392338752746582, "29a.sql": 0.034853458404541016, "29c.sql": 0.034836530685424805, "2a.sql": 0.17783784866333008, "30a.sql": 0.03385043144226074, "30b.sql": 0.03383684158325195, "31c.sql": 0.17809534072875977, "33a.sql": 0.03407716751098633, "33b.sql": 0.03365969657897949, "3a.sql": 0.03378462791442871, "4a.sql": 0.034090280532836914, "4b.sql": 0.03536510467529297, "5c.sql": 0.03533792495727539, "8d.sql": 0.03525114059448242, "9a.sql": 0.033905744552612305, "9b.sql": 0.035013675689697266}