{"10a.sql": 0.03319120407104492, "11a.sql": 0.03313636779785156, "11b.sql": 0.034415483474731445, "11c.sql": 0.03354024887084961, "12b.sql": 0.08558297157287598, "14a.sql": 0.03371882438659668, "14b.sql": 0.03408956527709961, "15b.sql": 0.03444933891296387, "15c.sql": 0.03387331962585449, "16c.sql": 0.03352642059326172, "16d.sql": 0.033994197845458984, "17a.sql": 0.033818721771240234, "17b.sql": 0.03355002403259277, "17e.sql": 0.22693681716918945, "18c.sql": 0.17795777320861816, "1a.sql": 0.1813819408416748, "20b.sql": 0.1759319305419922, "21a.sql": 0.03312969207763672, "22a.sql": 0.03404402732849121, "22b.sql": 0.03391075134277344, "22c.sql": 0.03353071212768555, "23c.sql": 0.17973852157592773, "26b.sql": 0.0345919132232666, "26c.sql": 0.03472399711608887, "27c.sql": 0.03488349914550781, "28a.sql": 0.034795522689819336, "28c.sql": 0.034772396087646484, "29a.sql": 0.18191957473754883, "30a.sql": 0.17705607414245605, "31b.sql": 0.03432607650756836, "31c.sql": 0.03402829170227051, "32b.sql": 0.034555912017822266, "33a.sql": 0.03390693664550781, "33c.sql": 0.03431987762451172, "3c.sql": 0.034819841384887695, "5b.sql": 0.0349578857421875, "5c.sql": 0.035225629806518555, "6a.sql": 0.034746646881103516, "6b.sql": 0.03429818153381348, "6d.sql": 0.034349679946899414, "6e.sql": 0.034650325775146484, "6f.sql": 0.034219980239868164, "8a.sql": 0.03406167030334473, "8b.sql": 0.0344240665435791, "8d.sql": 0.035138845443725586, "9d.sql": 0.22599458694458008}