{"10a.sql": 0.40245819091796875, "11b.sql": 0.03981328010559082, "11c.sql": 0.03712606430053711, "12b.sql": 0.0863654613494873, "17a.sql": 0.037433624267578125, "17b.sql": 0.03804302215576172, "18c.sql": 10.47716212272644, "22a.sql": 0.04323005676269531, "30a.sql": 1.3256027698516846, "31b.sql": 0.03996849060058594, "6b.sql": 1.5314335823059082, "8a.sql": 0.03847980499267578}