{"10a.sql": 0.4003469944000244, "11b.sql": 0.038774967193603516, "11c.sql": 0.03741788864135742, "12b.sql": 0.03757309913635254, "15b.sql": 0.03668570518493652, "15c.sql": 0.03597712516784668, "17a.sql": 0.03660106658935547, "17b.sql": 0.03642988204956055, "18c.sql": 0.03627729415893555, "1a.sql": 0.035826683044433594, "20b.sql": 0.03593873977661133, "22a.sql": 0.036440372467041016, "22c.sql": 1.8744747638702393, "26c.sql": 2.5765719413757324, "30a.sql": 1.3158106803894043, "31b.sql": 0.03940534591674805, "33c.sql": 0.2040095329284668, "3c.sql": 0.03747081756591797, "5b.sql": 0.1436011791229248, "6a.sql": 0.03781390190124512, "6b.sql": 1.5265820026397705, "6f.sql": 9.501904726028442, "8a.sql": 0.040654897689819336}