{"10a.sql": 0.03826785087585449, "10b.sql": 0.0368199348449707, "10c.sql": 0.03615260124206543, "11a.sql": 0.03692150115966797, "11b.sql": 0.03653287887573242, "11c.sql": 0.035759687423706055, "11d.sql": 0.03549075126647949, "12a.sql": 0.03577685356140137, "12b.sql": 0.03583049774169922, "12c.sql": 0.03574872016906738, "13a.sql": 0.03482341766357422, "13b.sql": 0.03640866279602051, "13c.sql": 0.03654170036315918, "13d.sql": 0.03596043586730957, "14a.sql": 0.0370025634765625, "14b.sql": 0.03740572929382324, "14c.sql": 0.03582930564880371, "15a.sql": 0.03606986999511719, "15b.sql": 0.035672664642333984, "15c.sql": 0.03581881523132324, "15d.sql": 0.5946216583251953, "16a.sql": 0.03810238838195801, "16b.sql": 7.733751058578491, "16c.sql": 0.03934836387634277, "16d.sql": 1.1134841442108154, "17a.sql": 0.03967618942260742, "17b.sql": 0.03714728355407715, "17c.sql": 0.03714442253112793, "17d.sql": 0.03631258010864258, "17e.sql": 0.03627729415893555, "17f.sql": 0.03620600700378418, "18a.sql": 0.03628993034362793, "18b.sql": 0.03595280647277832, "18c.sql": 0.03678727149963379, "19a.sql": 0.03613424301147461, "19b.sql": 0.036901235580444336, "19c.sql": 0.03722119331359863, "19d.sql": 7.648839712142944, "1a.sql": 0.03970599174499512, "1b.sql": 0.036620378494262695, "1c.sql": 0.0371248722076416, "1d.sql": 0.03722667694091797, "20a.sql": 0.036241769790649414, "20b.sql": 0.03602004051208496, "20c.sql": 0.036429643630981445, "21a.sql": 0.03488659858703613, "21b.sql": 0.03653573989868164, "21c.sql": 0.03637242317199707, "22a.sql": 0.0367121696472168, "22b.sql": 0.037107229232788086, "22c.sql": 0.03607010841369629, "22d.sql": 0.03587484359741211, "23a.sql": 0.03685307502746582, "23b.sql": 0.03594636917114258, "23c.sql": 0.03590655326843262, "24a.sql": 0.03682112693786621, "24b.sql": 0.03606057167053223, "25a.sql": 0.03733110427856445, "25b.sql": 0.03648805618286133, "25c.sql": 0.03652811050415039, "26a.sql": 0.03634357452392578, "26b.sql": 0.03600668907165527, "26c.sql": 0.036078691482543945, "27a.sql": 0.03669881820678711, "27b.sql": 0.10153579711914062, "27c.sql": 0.03677940368652344, "28a.sql": 0.03662252426147461, "28b.sql": 0.036321401596069336, "28c.sql": 0.03573775291442871, "29a.sql": 0.03635549545288086, "29b.sql": 0.03592395782470703, "29c.sql": 0.03644824028015137, "2a.sql": 0.036659955978393555, "2b.sql": 0.036025285720825195, "2c.sql": 0.03609132766723633, "2d.sql": 0.036391496658325195, "30a.sql": 1.3073711395263672, "30b.sql": 0.0402531623840332, "30c.sql": 0.038556814193725586, "31a.sql": 0.03690671920776367, "31b.sql": 0.03636598587036133, "31c.sql": 0.036847829818725586, "32a.sql": 0.03664731979370117, "32b.sql": 0.03586888313293457, "33a.sql": 0.03653120994567871, "33b.sql": 0.03594779968261719, "33c.sql": 0.037071943283081055, "3a.sql": 0.03626132011413574, "3b.sql": 0.03558540344238281, "3c.sql": 0.03610873222351074, "4a.sql": 0.03609919548034668, "4b.sql": 0.0366823673248291, "4c.sql": 0.036986589431762695, "5a.sql": 0.03616142272949219, "5b.sql": 0.03700900077819824, "5c.sql": 0.03703761100769043, "6a.sql": 0.0356292724609375, "6b.sql": 0.03627657890319824, "6c.sql": 0.03600502014160156, "6d.sql": 0.03601503372192383, "6e.sql": 0.03601551055908203, "6f.sql": 0.035889625549316406, "7a.sql": 0.03628373146057129, "7b.sql": 0.03684496879577637, "7c.sql": 0.03606820106506348, "8a.sql": 0.03552603721618652, "8b.sql": 0.036022186279296875, "8c.sql": 0.036125898361206055, "8d.sql": 0.0360410213470459, "9a.sql": 0.03653740882873535, "9b.sql": 0.035866498947143555, "9c.sql": 0.03713345527648926, "9d.sql": 0.036295413970947266}