{"10a.sql": 0.034285545349121094, "10b.sql": 0.03423309326171875, "10c.sql": 0.03491473197937012, "11a.sql": 0.03565812110900879, "11b.sql": 0.03397250175476074, "11c.sql": 0.034650325775146484, "11d.sql": 0.0345158576965332, "12a.sql": 0.03445935249328613, "12b.sql": 0.03543663024902344, "12c.sql": 0.03528165817260742, "13a.sql": 0.034065961837768555, "13b.sql": 0.03428769111633301, "13c.sql": 0.034630775451660156, "13d.sql": 0.034857988357543945, "14a.sql": 0.03413558006286621, "14b.sql": 0.033979177474975586, "15a.sql": 0.03403282165527344, "15b.sql": 0.035117387771606445, "15c.sql": 0.03460216522216797, "16b.sql": 0.03460836410522461, "16c.sql": 0.033847808837890625, "16d.sql": 0.03467607498168945, "17a.sql": 0.03473234176635742, "17b.sql": 0.034496307373046875, "17c.sql": 0.0342714786529541, "17d.sql": 0.03473639488220215, "17e.sql": 0.03480863571166992, "17f.sql": 0.03427410125732422, "18a.sql": 0.03505420684814453, "18b.sql": 0.03502678871154785, "18c.sql": 0.03445577621459961, "19a.sql": 0.03436756134033203, "19b.sql": 0.03428173065185547, "19c.sql": 0.03379082679748535, "19d.sql": 0.03504633903503418, "1a.sql": 0.03484463691711426, "1b.sql": 0.03426384925842285, "1c.sql": 0.03453707695007324, "1d.sql": 0.03491950035095215, "20a.sql": 0.034217119216918945, "20b.sql": 0.03443002700805664, "20c.sql": 0.03395485877990723, "21a.sql": 0.03417801856994629, "21b.sql": 0.03497934341430664, "21c.sql": 0.03501415252685547, "22a.sql": 0.0341339111328125, "22b.sql": 0.03391289710998535, "22c.sql": 0.03396797180175781, "23a.sql": 0.034651756286621094, "23b.sql": 0.03398013114929199, "23c.sql": 0.034528255462646484, "24a.sql": 0.035166025161743164, "24b.sql": 0.03485417366027832, "25a.sql": 0.03406071662902832, "25b.sql": 0.0343623161315918, "25c.sql": 0.03436684608459473, "26b.sql": 0.033727407455444336, "26c.sql": 0.03462553024291992, "27a.sql": 0.03414654731750488, "27b.sql": 0.03386664390563965, "27c.sql": 0.03477358818054199, "28a.sql": 0.0353388786315918, "28b.sql": 0.03370928764343262, "28c.sql": 0.0344090461730957, "29a.sql": 0.03448915481567383, "29b.sql": 0.03406047821044922, "29c.sql": 0.03444099426269531, "2a.sql": 0.03412151336669922, "2b.sql": 0.034116506576538086, "2d.sql": 0.03513455390930176, "30a.sql": 0.035041093826293945, "30c.sql": 0.03448796272277832, "31b.sql": 0.03385448455810547, "31c.sql": 0.03514671325683594, "32a.sql": 0.03374147415161133, "32b.sql": 0.034384965896606445, "33a.sql": 0.034250497817993164, "33b.sql": 0.03416252136230469, "33c.sql": 0.03474617004394531, "3a.sql": 0.034271240234375, "3b.sql": 0.034924983978271484, "3c.sql": 0.03465080261230469, "4b.sql": 0.03435492515563965, "4c.sql": 0.03462696075439453, "5a.sql": 0.0347599983215332, "5b.sql": 0.034798622131347656, "5c.sql": 0.03520917892456055, "6a.sql": 0.03522849082946777, "6b.sql": 0.03442788124084473, "6c.sql": 0.03312516212463379, "6d.sql": 0.03321719169616699, "6e.sql": 0.03265810012817383, "6f.sql": 0.03419661521911621, "7a.sql": 0.03509354591369629, "7b.sql": 0.03496408462524414, "7c.sql": 0.03587532043457031, "8a.sql": 0.035093069076538086, "8b.sql": 0.03421783447265625, "8c.sql": 0.03459978103637695, "8d.sql": 0.03586316108703613, "9c.sql": 0.18479657173156738, "9d.sql": 0.22202777862548828}