{"10a.sql": 0.034874916076660156, "11b.sql": 0.03451132774353027, "11c.sql": 0.03445768356323242, "12b.sql": 0.1703786849975586, "17a.sql": 0.03492879867553711, "17b.sql": 0.03548312187194824, "18c.sql": 0.17307734489440918, "22a.sql": 0.03464031219482422, "30a.sql": 0.1737813949584961, "31b.sql": 0.034354209899902344, "6b.sql": 0.034249305725097656, "8a.sql": 0.03458261489868164}