{"10b.sql": 0.03776693344116211, "11a.sql": 0.10675501823425293, "11b.sql": 0.09333395957946777, "11c.sql": 0.2480771541595459, "11d.sql": 0.2198030948638916, "12a.sql": 0.3848762512207031, "12c.sql": 1.967780590057373, "13b.sql": 0.03994441032409668, "13d.sql": 0.038728952407836914, "14c.sql": 0.7371249198913574, "15c.sql": 0.03922319412231445, "16a.sql": 1.993992805480957, "16b.sql": 3.7210631370544434, "16c.sql": 2.5730719566345215, "16d.sql": 2.592653274536133, "17a.sql": 0.03854036331176758, "17b.sql": 0.0374751091003418, "17c.sql": 0.03644251823425293, "17f.sql": 2.336465835571289, "18c.sql": 7.081342697143555, "19d.sql": 7.226634740829468, "1a.sql": 0.04037284851074219, "1d.sql": 0.03607940673828125, "21a.sql": 0.12409114837646484, "22b.sql": 0.0377657413482666, "24a.sql": 0.03755474090576172, "25a.sql": 2.3660426139831543, "25c.sql": 2.769402265548706, "26c.sql": 1.8233320713043213, "27a.sql": 0.038663387298583984, "27b.sql": 0.10152912139892578, "29a.sql": 0.2337322235107422, "29c.sql": 0.8350515365600586, "2a.sql": 0.42166757583618164, "30a.sql": 7.891942024230957, "30b.sql": 0.3675055503845215, "31c.sql": 1.0875978469848633, "33a.sql": 0.1254878044128418, "33b.sql": 0.11748337745666504, "3a.sql": 0.037748098373413086, "4a.sql": 0.03724336624145508, "4b.sql": 0.17089533805847168, "5c.sql": 0.037795066833496094, "8d.sql": 0.03699088096618652, "9a.sql": 0.24860072135925293, "9b.sql": 0.03729367256164551}