{"q10-001.sql": 0.02067708969116211, "q10-003.sql": 0.020658016204833984, "q10-004.sql": 0.02060389518737793, "q10-005.sql": 0.020075082778930664, "q10-006.sql": 0.02058887481689453, "q10-007.sql": 0.0204770565032959, "q10-008.sql": 0.020529747009277344, "q10-009.sql": 0.020941972732543945, "q10-011.sql": 0.020972013473510742, "q10-012.sql": 0.02138805389404297, "q10-013.sql": 0.020949840545654297, "q10-014.sql": 0.020930051803588867, "q10-015.sql": 0.020697593688964844, "q10-016.sql": 0.021290302276611328, "q10-017.sql": 0.02123427391052246, "q10-018.sql": 0.020664453506469727, "q10-019.sql": 0.020636320114135742, "q10-020.sql": 0.021129846572875977, "q10-021.sql": 0.021151065826416016, "q10-022.sql": 0.02117919921875, "q10-023.sql": 0.020720243453979492, "q10-024.sql": 0.021104812622070312, "q10-025.sql": 0.021152496337890625, "q10-026.sql": 0.020989656448364258, "q10-027.sql": 0.02089095115661621, "q10-028.sql": 0.02098703384399414, "q10-029.sql": 0.020920991897583008, "q10-030.sql": 0.02108001708984375, "q10-031.sql": 0.021127700805664062, "q10-032.sql": 0.020854473114013672, "q10-033.sql": 0.020933151245117188, "q10-034.sql": 0.02092599868774414, "q10-035.sql": 0.021218299865722656, "q10-036.sql": 0.021038532257080078, "q10-037.sql": 0.0208127498626709, "q10-038.sql": 0.021027565002441406, "q10-039.sql": 0.021048307418823242, "q10-040.sql": 0.020882606506347656, "q10-041.sql": 0.021217823028564453, "q10-042.sql": 0.021078109741210938, "q10-043.sql": 0.020801544189453125, "q10-044.sql": 0.020781517028808594, "q10-045.sql": 0.0207979679107666, "q10-046.sql": 0.02115178108215332, "q10-048.sql": 0.021101951599121094, "q10-049.sql": 0.021022796630859375, "q10-050.sql": 0.020848989486694336, "q10-052.sql": 0.021198034286499023, "q10-053.sql": 0.020923852920532227, "q10-054.sql": 0.021071434020996094, "q10-055.sql": 0.020850181579589844, "q10-057.sql": 0.021061182022094727, "q10-058.sql": 0.021072864532470703, "q10-060.sql": 0.020766258239746094, "q10-061.sql": 0.020725011825561523, "q10-062.sql": 0.021153688430786133, "q10-063.sql": 0.02107858657836914, "q10-064.sql": 0.021277189254760742, "q10-065.sql": 0.020734071731567383, "q10-066.sql": 0.020989179611206055, "q10-067.sql": 0.02111506462097168, "q10-068.sql": 0.020833492279052734, "q10-069.sql": 0.020955562591552734, "q10-071.sql": 0.021287202835083008, "q10-072.sql": 0.02133321762084961, "q10-074.sql": 0.021021127700805664, "q10-075.sql": 0.02106618881225586, "q10-076.sql": 0.020610332489013672, "q10-077.sql": 0.02076554298400879, "q10-078.sql": 0.020673274993896484, "q10-079.sql": 0.021202564239501953, "q10-080.sql": 0.020910978317260742, "q10-081.sql": 0.020670652389526367, "q10-082.sql": 0.021105527877807617, "q10-083.sql": 0.021198511123657227, "q10-084.sql": 0.021241188049316406, "q10-085.sql": 0.021135568618774414, "q10-086.sql": 0.020686626434326172, "q10-087.sql": 0.020968914031982422, "q10-089.sql": 0.02090311050415039, "q10-090.sql": 0.020949363708496094, "q10-091.sql": 0.020753145217895508, "q10-092.sql": 0.020934104919433594, "q10-093.sql": 0.021234750747680664, "q10-094.sql": 0.020786285400390625, "q10-095.sql": 0.02063465118408203, "q10-096.sql": 0.020655393600463867, "q10-097.sql": 0.02072739601135254, "q10-098.sql": 0.020561695098876953, "q10-100.sql": 0.020447731018066406}