{"q10-001.sql": 0.021047115325927734, "q10-002.sql": 0.020828962326049805, "q10-003.sql": 0.020589828491210938, "q10-004.sql": 0.020623445510864258, "q10-005.sql": 0.0209197998046875, "q10-006.sql": 0.020576000213623047, "q10-007.sql": 0.020558595657348633, "q10-008.sql": 0.020412206649780273, "q10-009.sql": 0.02017498016357422, "q10-010.sql": 0.020539522171020508, "q10-011.sql": 0.020610809326171875, "q10-012.sql": 0.020687103271484375, "q10-013.sql": 0.019970178604125977, "q10-014.sql": 0.019927024841308594, "q10-015.sql": 0.02001500129699707, "q10-016.sql": 0.020200014114379883, "q10-017.sql": 0.020934343338012695, "q10-018.sql": 0.02061605453491211, "q10-019.sql": 0.020665884017944336, "q10-020.sql": 0.020277976989746094, "q10-021.sql": 0.020583629608154297, "q10-022.sql": 0.0207364559173584, "q10-023.sql": 0.020337343215942383, "q10-024.sql": 0.020693302154541016, "q10-026.sql": 0.020383596420288086, "q10-027.sql": 0.0205533504486084, "q10-029.sql": 0.020775556564331055, "q10-030.sql": 0.02080512046813965, "q10-031.sql": 0.02033543586730957, "q10-032.sql": 0.020660400390625, "q10-033.sql": 0.02066183090209961, "q10-034.sql": 0.02109360694885254, "q10-036.sql": 0.02100825309753418, "q10-037.sql": 0.021178483963012695, "q10-038.sql": 0.020709991455078125, "q10-039.sql": 0.020671606063842773, "q10-040.sql": 0.02034902572631836, "q10-042.sql": 0.020519256591796875, "q10-043.sql": 0.0201265811920166, "q10-044.sql": 0.02069544792175293, "q10-045.sql": 0.021009206771850586, "q10-046.sql": 0.02050614356994629, "q10-047.sql": 0.020632505416870117, "q10-048.sql": 0.020382404327392578, "q10-049.sql": 0.02043461799621582, "q10-050.sql": 0.020986557006835938, "q10-051.sql": 0.020853042602539062, "q10-052.sql": 0.020916461944580078, "q10-053.sql": 0.020306825637817383, "q10-054.sql": 0.02051544189453125, "q10-055.sql": 0.020642518997192383, "q10-056.sql": 0.0205843448638916, "q10-057.sql": 0.020492076873779297, "q10-058.sql": 0.020297527313232422, "q10-059.sql": 0.020662546157836914, "q10-060.sql": 0.02066349983215332, "q10-061.sql": 0.020708322525024414, "q10-062.sql": 0.0206911563873291, "q10-063.sql": 0.02079463005065918, "q10-064.sql": 0.020544767379760742, "q10-065.sql": 0.020655155181884766, "q10-066.sql": 0.021077871322631836, "q10-067.sql": 0.020496845245361328, "q10-068.sql": 0.020894765853881836, "q10-069.sql": 0.020719528198242188, "q10-071.sql": 0.020692825317382812, "q10-072.sql": 0.020184993743896484, "q10-073.sql": 0.020292282104492188, "q10-074.sql": 0.020447492599487305, "q10-075.sql": 0.020442724227905273, "q10-077.sql": 0.0206453800201416, "q10-078.sql": 0.020931720733642578, "q10-079.sql": 0.020587682723999023, "q10-080.sql": 0.020552873611450195, "q10-081.sql": 0.02064824104309082, "q10-082.sql": 0.020943641662597656, "q10-083.sql": 0.020843982696533203, "q10-085.sql": 0.0205838680267334, "q10-087.sql": 0.020598411560058594, "q10-088.sql": 0.020558834075927734, "q10-089.sql": 0.020708560943603516, "q10-090.sql": 0.02057480812072754, "q10-091.sql": 0.020649194717407227, "q10-092.sql": 0.020082712173461914, "q10-093.sql": 0.020743370056152344, "q10-094.sql": 0.020032644271850586, "q10-095.sql": 0.020159244537353516, "q10-096.sql": 0.02071380615234375, "q10-098.sql": 0.020713090896606445, "q10-099.sql": 0.02056121826171875}