{"10a.sql": 0.033798933029174805, "10b.sql": 0.03500795364379883, "11a.sql": 0.034439802169799805, "11b.sql": 0.03491497039794922, "11c.sql": 0.034555673599243164, "12b.sql": 1.0248706340789795, "13a.sql": 0.03493809700012207, "13b.sql": 0.03490781784057617, "14a.sql": 0.03467249870300293, "14b.sql": 0.03455328941345215, "15b.sql": 0.0347900390625, "15c.sql": 0.03407716751098633, "16c.sql": 0.03394603729248047, "16d.sql": 0.03438282012939453, "17a.sql": 0.0343019962310791, "17b.sql": 0.03400683403015137, "17e.sql": 0.17609691619873047, "17f.sql": 0.22197747230529785, "18c.sql": 0.17558646202087402, "19d.sql": 0.22510910034179688, "1a.sql": 0.07402968406677246, "1d.sql": 0.03406500816345215, "20b.sql": 0.17449045181274414, "21a.sql": 0.033576250076293945, "22a.sql": 0.034163475036621094, "22b.sql": 0.03510928153991699, "22c.sql": 0.034958600997924805, "23c.sql": 0.17741847038269043, "24a.sql": 0.03507828712463379, "25b.sql": 0.03479504585266113, "26b.sql": 0.03473520278930664, "26c.sql": 0.035091400146484375, "27a.sql": 0.034708261489868164, "27c.sql": 0.034653425216674805, "28a.sql": 0.034641265869140625, "28c.sql": 0.03502678871154785, "29a.sql": 0.1811366081237793, "30a.sql": 0.17754888534545898, "31b.sql": 0.035179853439331055, "31c.sql": 0.03495430946350098, "32b.sql": 0.03516387939453125, "33a.sql": 0.03536558151245117, "33c.sql": 0.03448200225830078, "3b.sql": 0.03429412841796875, "3c.sql": 0.03471016883850098, "5b.sql": 0.03444266319274902, "5c.sql": 0.034261465072631836, "6a.sql": 0.03455185890197754, "6b.sql": 0.03440451622009277, "6c.sql": 0.035271644592285156, "6d.sql": 0.03499102592468262, "6e.sql": 0.034645795822143555, "6f.sql": 0.0335693359375, "8a.sql": 0.034529924392700195, "8b.sql": 0.03438544273376465, "8d.sql": 0.034026145935058594, "9d.sql": 0.22222161293029785}