{"13a.sql": 0.035800933837890625, "17c.sql": 0.03484463691711426, "18a.sql": 0.17641448974609375, "19a.sql": 0.03468823432922363, "19c.sql": 0.17644071578979492, "1c.sql": 0.28787732124328613, "20a.sql": 0.17856335639953613, "21a.sql": 0.03483271598815918, "21c.sql": 0.03496432304382324, "22b.sql": 0.035888671875, "22d.sql": 0.17690801620483398, "23b.sql": 0.17574286460876465, "25a.sql": 0.03491377830505371, "28a.sql": 0.03423476219177246, "28c.sql": 0.03483462333679199, "29a.sql": 0.17812132835388184, "31b.sql": 0.03434491157531738, "31c.sql": 0.03479194641113281, "3b.sql": 0.03413748741149902, "5c.sql": 0.03580784797668457, "6e.sql": 0.03587651252746582, "6f.sql": 0.27117395401000977, "7b.sql": 0.03570723533630371}