{"10a.sql": 0.03538823127746582, "10b.sql": 0.03486156463623047, "10c.sql": 3.413104772567749, "11a.sql": 0.11244463920593262, "11b.sql": 0.09842181205749512, "11c.sql": 0.45780396461486816, "11d.sql": 0.7338149547576904, "12a.sql": 0.3848738670349121, "12b.sql": 0.17296957969665527, "12c.sql": 0.036968231201171875, "13a.sql": 0.03546714782714844, "13b.sql": 0.03436684608459473, "13c.sql": 0.035241127014160156, "14a.sql": 0.4168374538421631, "14b.sql": 0.037276268005371094, "15a.sql": 0.3918943405151367, "15b.sql": 0.08783340454101562, "15c.sql": 0.037186622619628906, "16b.sql": 1.1524803638458252, "16c.sql": 0.03684377670288086, "16d.sql": 1.1038973331451416, "17a.sql": 0.03808236122131348, "17b.sql": 0.036830902099609375, "17d.sql": 2.376600980758667, "17e.sql": 0.03758811950683594, "17f.sql": 0.036485910415649414, "18c.sql": 4.625849723815918, "19a.sql": 0.037637948989868164, "19b.sql": 0.16339755058288574, "19c.sql": 2.409914970397949, "19d.sql": 4.795250177383423, "1a.sql": 0.28305721282958984, "1c.sql": 0.036844730377197266, "1d.sql": 0.03575611114501953, "20a.sql": 5.196565866470337, "20b.sql": 0.03835582733154297, "20c.sql": 1.751962423324585, "21a.sql": 0.1269514560699463, "21b.sql": 0.036039113998413086, "22a.sql": 0.5574915409088135, "22b.sql": 0.4207882881164551, "22c.sql": 1.8221454620361328, "23a.sql": 0.25109434127807617, "23b.sql": 1.1360630989074707, "23c.sql": 0.3568892478942871, "24a.sql": 2.975162982940674, "24b.sql": 2.5476877689361572, "25a.sql": 0.03751087188720703, "25b.sql": 2.1628708839416504, "25c.sql": 2.7604165077209473, "26b.sql": 0.4616425037384033, "26c.sql": 5.309178113937378, "27a.sql": 0.12739968299865723, "27b.sql": 0.09757423400878906, "27c.sql": 0.10998702049255371, "28a.sql": 0.9312543869018555, "28b.sql": 1.4919278621673584, "28c.sql": 2.3018321990966797, "29a.sql": 0.4917173385620117, "29b.sql": 0.0383906364440918, "29c.sql": 5.467192888259888, "2a.sql": 0.4136466979980469, "2b.sql": 0.3916454315185547, "30a.sql": 1.303511381149292, "30c.sql": 2.8118855953216553, "31b.sql": 0.037566184997558594, "31c.sql": 1.0641448497772217, "32b.sql": 0.38031578063964844, "33a.sql": 0.23869800567626953, "33b.sql": 0.11818313598632812, "33c.sql": 0.1994647979736328, "3a.sql": 0.03507375717163086, "3b.sql": 0.1721038818359375, "3c.sql": 0.34562158584594727, "4b.sql": 0.16959095001220703, "4c.sql": 0.17890119552612305, "5b.sql": 0.03633737564086914, "5c.sql": 0.3245387077331543, "6a.sql": 1.36838698387146, "6b.sql": 1.5312068462371826, "6c.sql": 1.4827170372009277, "6d.sql": 1.4176757335662842, "6e.sql": 1.3704586029052734, "6f.sql": 5.440743923187256, "7a.sql": 0.03955888748168945, "7b.sql": 1.5631709098815918, "8a.sql": 2.5153768062591553, "8b.sql": 0.18257427215576172, "8d.sql": 0.03684592247009277, "9c.sql": 0.03699159622192383, "9d.sql": 2.729262113571167}