{"10a.sql": 0.03473210334777832, "10b.sql": 0.03419780731201172, "11b.sql": 0.03467583656311035, "11c.sql": 0.034398555755615234, "11d.sql": 0.03449654579162598, "12a.sql": 0.0348048210144043, "12b.sql": 0.03444623947143555, "12c.sql": 0.034811973571777344, "13a.sql": 0.03565049171447754, "13c.sql": 0.03490090370178223, "13d.sql": 0.03404641151428223, "14a.sql": 0.03391313552856445, "14c.sql": 0.0347285270690918, "15a.sql": 0.03380084037780762, "15b.sql": 0.03397679328918457, "15c.sql": 0.03473043441772461, "16a.sql": 0.035718441009521484, "16b.sql": 1.5078883171081543, "17a.sql": 0.03457140922546387, "17d.sql": 0.0344846248626709, "17e.sql": 0.03475689888000488, "17f.sql": 0.03460574150085449, "18a.sql": 0.03440737724304199, "18c.sql": 0.03463125228881836, "19b.sql": 0.03500175476074219, "19d.sql": 0.17710399627685547, "1a.sql": 0.07283997535705566, "1d.sql": 0.03459668159484863, "20a.sql": 0.03427410125732422, "20b.sql": 0.03505706787109375, "20c.sql": 0.034909725189208984, "21a.sql": 0.034375905990600586, "21c.sql": 0.03463578224182129, "22a.sql": 0.03429675102233887, "22b.sql": 0.03507280349731445, "22c.sql": 0.03440999984741211, "22d.sql": 0.0343782901763916, "23a.sql": 0.03461933135986328, "23b.sql": 0.03574800491333008, "23c.sql": 0.03481936454772949, "24a.sql": 0.034245967864990234, "24b.sql": 0.034924983978271484, "25a.sql": 0.03457450866699219, "25c.sql": 0.03455209732055664, "26a.sql": 0.034653663635253906, "26b.sql": 0.03440594673156738, "26c.sql": 0.0343015193939209, "27a.sql": 0.03420257568359375, "27c.sql": 0.03400015830993652, "28a.sql": 0.03471946716308594, "28c.sql": 0.03363990783691406, "29b.sql": 0.033820390701293945, "29c.sql": 0.033329010009765625, "2a.sql": 0.0338749885559082, "2b.sql": 0.03301715850830078, "2c.sql": 0.03324770927429199, "30b.sql": 0.03339362144470215, "31a.sql": 0.03431892395019531, "31b.sql": 0.03481698036193848, "31c.sql": 0.03420734405517578, "32a.sql": 0.0341954231262207, "33a.sql": 0.033051252365112305, "33c.sql": 0.033660888671875, "3a.sql": 0.03505730628967285, "3b.sql": 0.03447580337524414, "3c.sql": 0.0336458683013916, "4a.sql": 0.03434300422668457, "4b.sql": 0.034781694412231445, "4c.sql": 0.03293800354003906, "5a.sql": 0.03400421142578125, "5c.sql": 0.034034013748168945, "6c.sql": 0.03421473503112793, "6d.sql": 0.17469453811645508, "6e.sql": 0.03486943244934082, "6f.sql": 0.2155742645263672, "7b.sql": 0.03542518615722656, "7c.sql": 0.033113718032836914, "8c.sql": 0.22179317474365234, "9a.sql": 0.034707069396972656, "9b.sql": 0.03536224365234375}