{"10b.sql": 0.0356297492980957, "10c.sql": 5.312633752822876, "11a.sql": 0.12482905387878418, "12b.sql": 0.08804583549499512, "12c.sql": 1.2379028797149658, "13a.sql": 0.03781604766845703, "13c.sql": 0.0357518196105957, "13d.sql": 0.03460216522216797, "14c.sql": 0.7160096168518066, "15b.sql": 0.03883647918701172, "15d.sql": 0.5851554870605469, "16a.sql": 0.2717137336730957, "16b.sql": 1.901484489440918, "16c.sql": 1.354982614517212, "17a.sql": 0.03841590881347656, "17c.sql": 0.036995887756347656, "17d.sql": 0.0350649356842041, "17e.sql": 0.035610198974609375, "18a.sql": 5.726993799209595, "18c.sql": 5.871405839920044, "19a.sql": 0.2752726078033447, "19b.sql": 0.16583585739135742, "19c.sql": 3.237170934677124, "1b.sql": 0.037296295166015625, "1c.sql": 0.03648066520690918, "20a.sql": 5.942429065704346, "20b.sql": 0.038697242736816406, "21a.sql": 0.13711977005004883, "21c.sql": 0.03796839714050293, "22a.sql": 0.037689208984375, "22b.sql": 0.3923797607421875, "22c.sql": 1.8683207035064697, "22d.sql": 0.03821969032287598, "23b.sql": 0.14071226119995117, "23c.sql": 0.3575325012207031, "24a.sql": 0.40177249908447266, "25a.sql": 5.943004608154297, "25b.sql": 2.1678943634033203, "25c.sql": 2.7839481830596924, "26a.sql": 0.742138147354126, "26c.sql": 1.800887107849121, "27a.sql": 0.13668012619018555, "27b.sql": 0.1064152717590332, "27c.sql": 0.16242671012878418, "28a.sql": 3.7564778327941895, "28b.sql": 0.5157785415649414, "28c.sql": 1.895615816116333, "29a.sql": 0.23429298400878906, "29c.sql": 0.03646564483642578, "2a.sql": 0.42052626609802246, "2b.sql": 0.03718900680541992, "2d.sql": 0.036573171615600586, "30a.sql": 1.3147492408752441, "31a.sql": 2.6056973934173584, "31b.sql": 2.5043864250183105, "31c.sql": 1.0718026161193848, "32b.sql": 0.18683075904846191, "33a.sql": 0.03800630569458008, "33c.sql": 0.20269227027893066, "3b.sql": 0.03694653511047363, "4a.sql": 0.16903352737426758, "4c.sql": 0.20630788803100586, "5a.sql": 0.15084528923034668, "5b.sql": 0.14202642440795898, "5c.sql": 0.036725521087646484, "6a.sql": 1.3629672527313232, "6b.sql": 1.5123553276062012, "6c.sql": 1.4805631637573242, "6e.sql": 1.3732163906097412, "6f.sql": 5.990020513534546, "7a.sql": 0.9639737606048584, "7b.sql": 1.5621285438537598, "7c.sql": 2.407802104949951, "8a.sql": 1.3665850162506104, "8b.sql": 1.8867058753967285, "8c.sql": 2.937582015991211, "8d.sql": 0.037886857986450195, "9a.sql": 0.26038527488708496, "9b.sql": 1.505885124206543, "9c.sql": 0.03745436668395996}