{"q10-001.sql": 0.020935773849487305, "q10-002.sql": 0.02079939842224121, "q10-003.sql": 0.02021050453186035, "q10-004.sql": 0.020781755447387695, "q10-005.sql": 0.020411968231201172, "q10-006.sql": 0.02058887481689453, "q10-007.sql": 0.02072763442993164, "q10-008.sql": 0.020444869995117188, "q10-009.sql": 0.02067422866821289, "q10-010.sql": 0.02000284194946289, "q10-011.sql": 0.020582914352416992, "q10-012.sql": 0.020751953125, "q10-013.sql": 0.02088618278503418, "q10-014.sql": 0.020947933197021484, "q10-015.sql": 0.020051956176757812, "q10-016.sql": 0.020349502563476562, "q10-017.sql": 0.02052760124206543, "q10-018.sql": 0.020493507385253906, "q10-019.sql": 0.020639896392822266, "q10-020.sql": 0.02052617073059082, "q10-021.sql": 0.020496368408203125, "q10-022.sql": 0.020778656005859375, "q10-023.sql": 0.020460844039916992, "q10-024.sql": 0.02062082290649414, "q10-026.sql": 0.020491600036621094, "q10-027.sql": 0.0207369327545166, "q10-029.sql": 0.02134394645690918, "q10-030.sql": 0.020900726318359375, "q10-031.sql": 0.020903348922729492, "q10-032.sql": 0.0205080509185791, "q10-033.sql": 0.020740747451782227, "q10-034.sql": 0.0208590030670166, "q10-036.sql": 0.020490169525146484, "q10-037.sql": 0.02060222625732422, "q10-038.sql": 0.020559310913085938, "q10-039.sql": 0.020891904830932617, "q10-040.sql": 0.020587921142578125, "q10-042.sql": 0.02060079574584961, "q10-043.sql": 0.020541906356811523, "q10-044.sql": 0.02074885368347168, "q10-045.sql": 0.020546436309814453, "q10-046.sql": 0.02131342887878418, "q10-047.sql": 0.021372556686401367, "q10-048.sql": 0.021103858947753906, "q10-049.sql": 0.02101755142211914, "q10-050.sql": 0.021033048629760742, "q10-051.sql": 0.02092146873474121, "q10-052.sql": 0.020982027053833008, "q10-053.sql": 0.020866870880126953, "q10-054.sql": 0.021000385284423828, "q10-055.sql": 0.020745038986206055, "q10-056.sql": 0.020296335220336914, "q10-057.sql": 0.020650386810302734, "q10-058.sql": 0.02040553092956543, "q10-059.sql": 0.02066802978515625, "q10-060.sql": 0.020662307739257812, "q10-061.sql": 0.021169662475585938, "q10-062.sql": 0.021416664123535156, "q10-063.sql": 0.020991802215576172, "q10-064.sql": 0.020918607711791992, "q10-065.sql": 0.02033090591430664, "q10-066.sql": 0.020513057708740234, "q10-067.sql": 0.020483732223510742, "q10-068.sql": 0.02087879180908203, "q10-069.sql": 0.020853042602539062, "q10-071.sql": 0.020568132400512695, "q10-072.sql": 0.0207672119140625, "q10-073.sql": 0.020508527755737305, "q10-074.sql": 0.02085280418395996, "q10-075.sql": 0.020874977111816406, "q10-077.sql": 0.021028518676757812, "q10-078.sql": 0.0206756591796875, "q10-079.sql": 0.020645618438720703, "q10-080.sql": 0.020624160766601562, "q10-081.sql": 0.02065873146057129, "q10-082.sql": 0.020548105239868164, "q10-083.sql": 0.020372629165649414, "q10-085.sql": 0.02001023292541504, "q10-087.sql": 0.02022528648376465, "q10-088.sql": 0.0207216739654541, "q10-089.sql": 0.020869731903076172, "q10-090.sql": 0.02063298225402832, "q10-091.sql": 0.020422697067260742, "q10-092.sql": 0.020860671997070312, "q10-093.sql": 0.0211184024810791, "q10-094.sql": 0.02083444595336914, "q10-095.sql": 0.020902395248413086, "q10-096.sql": 0.021399497985839844, "q10-098.sql": 0.020714282989501953, "q10-099.sql": 0.020895004272460938}