{"q10-001.sql": 0.02094244956970215, "q10-002.sql": 0.020564556121826172, "q10-003.sql": 0.020623207092285156, "q10-004.sql": 0.020520925521850586, "q10-005.sql": 0.02069878578186035, "q10-006.sql": 0.020625829696655273, "q10-007.sql": 0.020390987396240234, "q10-008.sql": 0.02069854736328125, "q10-009.sql": 0.020380496978759766, "q10-010.sql": 0.02048206329345703, "q10-011.sql": 0.02071547508239746, "q10-012.sql": 0.02072310447692871, "q10-013.sql": 0.020812034606933594, "q10-014.sql": 0.02040386199951172, "q10-015.sql": 0.020600318908691406, "q10-016.sql": 0.020546674728393555, "q10-017.sql": 0.020540952682495117, "q10-018.sql": 0.020340681076049805, "q10-019.sql": 0.020168542861938477, "q10-020.sql": 0.02023935317993164, "q10-021.sql": 0.020361900329589844, "q10-022.sql": 0.020498991012573242, "q10-023.sql": 0.02055644989013672, "q10-024.sql": 0.020314693450927734, "q10-026.sql": 0.02053546905517578, "q10-027.sql": 0.02048659324645996, "q10-029.sql": 0.020751476287841797, "q10-030.sql": 0.020792722702026367, "q10-031.sql": 0.02084207534790039, "q10-032.sql": 0.02069258689880371, "q10-033.sql": 0.020397424697875977, "q10-034.sql": 0.020447492599487305, "q10-036.sql": 0.020423173904418945, "q10-037.sql": 0.020405292510986328, "q10-038.sql": 0.020543336868286133, "q10-039.sql": 0.02054882049560547, "q10-040.sql": 0.02025437355041504, "q10-042.sql": 0.020560503005981445, "q10-043.sql": 0.02035045623779297, "q10-044.sql": 0.020339012145996094, "q10-045.sql": 0.020643234252929688, "q10-046.sql": 0.020526647567749023, "q10-047.sql": 0.02093672752380371, "q10-048.sql": 0.0207364559173584, "q10-049.sql": 0.02053093910217285, "q10-050.sql": 0.020479917526245117, "q10-051.sql": 0.020525693893432617, "q10-052.sql": 0.020453929901123047, "q10-053.sql": 0.02046036720275879, "q10-054.sql": 0.02065134048461914, "q10-055.sql": 0.02058553695678711, "q10-056.sql": 0.020276546478271484, "q10-057.sql": 0.020737886428833008, "q10-058.sql": 0.02041935920715332, "q10-059.sql": 0.02066946029663086, "q10-060.sql": 0.020651817321777344, "q10-061.sql": 0.020961523056030273, "q10-062.sql": 0.020780324935913086, "q10-063.sql": 0.020764589309692383, "q10-064.sql": 0.02062368392944336, "q10-065.sql": 0.02053999900817871, "q10-066.sql": 0.0204923152923584, "q10-067.sql": 0.02041316032409668, "q10-068.sql": 0.020676851272583008, "q10-069.sql": 0.020696401596069336, "q10-071.sql": 0.020301103591918945, "q10-072.sql": 0.02019524574279785, "q10-073.sql": 0.02041006088256836, "q10-074.sql": 0.020325660705566406, "q10-075.sql": 0.020544767379760742, "q10-077.sql": 0.02072310447692871, "q10-078.sql": 0.020775318145751953, "q10-079.sql": 0.02089071273803711, "q10-080.sql": 0.02048659324645996, "q10-081.sql": 0.020581483840942383, "q10-082.sql": 0.020175933837890625, "q10-083.sql": 0.020333051681518555, "q10-085.sql": 0.020493507385253906, "q10-087.sql": 0.020265817642211914, "q10-088.sql": 0.020678043365478516, "q10-089.sql": 0.02048039436340332, "q10-090.sql": 0.020941734313964844, "q10-091.sql": 0.020888805389404297, "q10-092.sql": 0.0207064151763916, "q10-093.sql": 0.020467758178710938, "q10-094.sql": 0.02082371711730957, "q10-095.sql": 0.020426511764526367, "q10-096.sql": 0.02089977264404297, "q10-098.sql": 0.020691633224487305, "q10-099.sql": 0.020615100860595703}