{"11c.sql": 0.03297233581542969, "12a.sql": 0.03334856033325195, "12b.sql": 0.03361821174621582, "12c.sql": 0.0332331657409668, "13a.sql": 0.034862518310546875, "13c.sql": 0.034293413162231445, "15c.sql": 0.03407454490661621, "17a.sql": 0.03444623947143555, "17d.sql": 0.18955421447753906, "17f.sql": 0.034397125244140625, "1a.sql": 0.07433223724365234, "1d.sql": 0.03418374061584473, "21a.sql": 0.03438091278076172, "22a.sql": 0.1784672737121582, "22b.sql": 0.0350794792175293, "23c.sql": 0.1786189079284668, "24b.sql": 0.034628868103027344, "26b.sql": 0.03495049476623535, "26c.sql": 0.0350184440612793, "27a.sql": 0.034691810607910156, "29c.sql": 0.18024468421936035, "2c.sql": 0.03533577919006348, "31a.sql": 0.03370833396911621, "31c.sql": 0.03420567512512207, "32a.sql": 0.033637285232543945, "3b.sql": 0.03374505043029785, "3c.sql": 0.034738779067993164, "4c.sql": 0.17265987396240234, "6c.sql": 0.03547334671020508, "6e.sql": 0.03397178649902344, "6f.sql": 0.21980547904968262, "7c.sql": 1.1860740184783936, "8c.sql": 0.2239835262298584, "9b.sql": 0.035151004791259766}