{"17c.sql": 0.03740668296813965, "18a.sql": 0.03624391555786133, "19a.sql": 0.03541731834411621, "19c.sql": 11.071597337722778, "20a.sql": 1.6440341472625732, "21c.sql": 0.12607216835021973, "22d.sql": 2.4428205490112305, "29a.sql": 0.16182470321655273, "3b.sql": 0.0383152961730957, "5c.sql": 0.26172327995300293, "6e.sql": 0.038687705993652344, "6f.sql": 11.189040899276733}