{"q10-001.sql": 0.021231412887573242, "q10-002.sql": 0.021394968032836914, "q10-003.sql": 0.020958900451660156, "q10-004.sql": 0.02084970474243164, "q10-005.sql": 0.02099776268005371, "q10-006.sql": 0.020946264266967773, "q10-007.sql": 0.020854473114013672, "q10-008.sql": 0.02106189727783203, "q10-009.sql": 0.0209043025970459, "q10-010.sql": 0.020963191986083984, "q10-011.sql": 0.021043062210083008, "q10-012.sql": 0.020203351974487305, "q10-013.sql": 0.020448923110961914, "q10-014.sql": 0.020730018615722656, "q10-015.sql": 0.020886659622192383, "q10-016.sql": 0.02079319953918457, "q10-017.sql": 0.02035236358642578, "q10-018.sql": 0.020640850067138672, "q10-019.sql": 0.020750045776367188, "q10-020.sql": 0.020580291748046875, "q10-021.sql": 0.020380735397338867, "q10-022.sql": 0.02033519744873047, "q10-023.sql": 0.02017068862915039, "q10-024.sql": 0.02048015594482422, "q10-026.sql": 0.02036452293395996, "q10-027.sql": 0.020142555236816406, "q10-029.sql": 0.02075052261352539, "q10-030.sql": 0.020577192306518555, "q10-031.sql": 0.02073836326599121, "q10-032.sql": 0.020738840103149414, "q10-033.sql": 0.02083897590637207, "q10-034.sql": 0.021055221557617188, "q10-036.sql": 0.02099776268005371, "q10-037.sql": 0.020952701568603516, "q10-038.sql": 0.021045923233032227, "q10-039.sql": 0.020519018173217773, "q10-040.sql": 0.020457983016967773, "q10-042.sql": 0.02102351188659668, "q10-043.sql": 0.0209958553314209, "q10-044.sql": 0.020963430404663086, "q10-045.sql": 0.020803213119506836, "q10-046.sql": 0.020941495895385742, "q10-047.sql": 0.02103281021118164, "q10-048.sql": 0.02091217041015625, "q10-049.sql": 0.02112102508544922, "q10-050.sql": 0.020922422409057617, "q10-051.sql": 0.020635604858398438, "q10-052.sql": 0.020678997039794922, "q10-053.sql": 0.02065253257751465, "q10-054.sql": 0.020740032196044922, "q10-055.sql": 0.02066659927368164, "q10-056.sql": 0.020849943161010742, "q10-057.sql": 0.02111673355102539, "q10-058.sql": 0.020944595336914062, "q10-059.sql": 0.0206296443939209, "q10-060.sql": 0.02100992202758789, "q10-061.sql": 0.021013259887695312, "q10-062.sql": 0.02082037925720215, "q10-063.sql": 0.02065896987915039, "q10-064.sql": 0.020580053329467773, "q10-065.sql": 0.020521879196166992, "q10-066.sql": 0.020203351974487305, "q10-067.sql": 0.0205233097076416, "q10-068.sql": 0.020720243453979492, "q10-069.sql": 0.020445823669433594, "q10-071.sql": 0.020252466201782227, "q10-072.sql": 0.020632505416870117, "q10-073.sql": 0.02062082290649414, "q10-074.sql": 0.020815372467041016, "q10-075.sql": 0.020617961883544922, "q10-077.sql": 0.020479679107666016, "q10-078.sql": 0.02099919319152832, "q10-079.sql": 0.02089977264404297, "q10-080.sql": 0.020907878875732422, "q10-081.sql": 0.0205228328704834, "q10-082.sql": 0.02033710479736328, "q10-083.sql": 0.020556926727294922, "q10-085.sql": 0.020239591598510742, "q10-087.sql": 0.020316362380981445, "q10-088.sql": 0.02036762237548828, "q10-089.sql": 0.02015209197998047, "q10-090.sql": 0.02036738395690918, "q10-091.sql": 0.020612001419067383, "q10-092.sql": 0.0202329158782959, "q10-093.sql": 0.020630598068237305, "q10-094.sql": 0.02041316032409668, "q10-095.sql": 0.020908117294311523, "q10-096.sql": 0.020575284957885742, "q10-098.sql": 0.020350217819213867, "q10-099.sql": 0.02031564712524414}