{"q10-001.sql": 0.021367549896240234, "q10-003.sql": 0.02113032341003418, "q10-004.sql": 0.020819425582885742, "q10-005.sql": 0.021052837371826172, "q10-006.sql": 0.021087646484375, "q10-007.sql": 0.02112603187561035, "q10-008.sql": 0.021232128143310547, "q10-009.sql": 0.021198272705078125, "q10-011.sql": 0.021098852157592773, "q10-012.sql": 0.020880699157714844, "q10-013.sql": 0.021231651306152344, "q10-014.sql": 0.02110123634338379, "q10-015.sql": 0.020989418029785156, "q10-016.sql": 0.02090311050415039, "q10-017.sql": 0.02093029022216797, "q10-018.sql": 0.02108454704284668, "q10-019.sql": 0.020917415618896484, "q10-020.sql": 0.020910024642944336, "q10-021.sql": 0.02084803581237793, "q10-022.sql": 0.020779132843017578, "q10-023.sql": 0.021157503128051758, "q10-024.sql": 0.020780086517333984, "q10-025.sql": 0.021113872528076172, "q10-026.sql": 0.02112865447998047, "q10-027.sql": 0.021041393280029297, "q10-028.sql": 0.021207094192504883, "q10-029.sql": 0.020929336547851562, "q10-030.sql": 0.020807266235351562, "q10-031.sql": 0.02084636688232422, "q10-032.sql": 0.021005630493164062, "q10-033.sql": 0.02106308937072754, "q10-034.sql": 0.02121448516845703, "q10-035.sql": 0.020843505859375, "q10-036.sql": 0.020883560180664062, "q10-037.sql": 0.021149635314941406, "q10-038.sql": 0.020884275436401367, "q10-039.sql": 0.020952701568603516, "q10-040.sql": 0.02098989486694336, "q10-041.sql": 0.020888328552246094, "q10-042.sql": 0.02117300033569336, "q10-043.sql": 0.020938873291015625, "q10-044.sql": 0.0209653377532959, "q10-045.sql": 0.02092266082763672, "q10-046.sql": 0.020844697952270508, "q10-048.sql": 0.02103447914123535, "q10-049.sql": 0.02102828025817871, "q10-050.sql": 0.02081155776977539, "q10-052.sql": 0.02104640007019043, "q10-053.sql": 0.020630359649658203, "q10-054.sql": 0.020928144454956055, "q10-055.sql": 0.020867347717285156, "q10-057.sql": 0.020806550979614258, "q10-058.sql": 0.021158933639526367, "q10-060.sql": 0.020906686782836914, "q10-061.sql": 0.02108454704284668, "q10-062.sql": 0.020938396453857422, "q10-063.sql": 0.021085739135742188, "q10-064.sql": 0.020882129669189453, "q10-065.sql": 0.021357059478759766, "q10-066.sql": 0.02127385139465332, "q10-067.sql": 0.021280288696289062, "q10-068.sql": 0.020971298217773438, "q10-069.sql": 0.020996570587158203, "q10-071.sql": 0.021098613739013672, "q10-072.sql": 0.021126508712768555, "q10-074.sql": 0.020772933959960938, "q10-075.sql": 0.020630598068237305, "q10-076.sql": 0.02064371109008789, "q10-077.sql": 0.020960330963134766, "q10-078.sql": 0.020450353622436523, "q10-079.sql": 0.020889759063720703, "q10-080.sql": 0.02053236961364746, "q10-081.sql": 0.020631790161132812, "q10-082.sql": 0.020869731903076172, "q10-083.sql": 0.02097916603088379, "q10-084.sql": 0.0207364559173584, "q10-085.sql": 0.021167993545532227, "q10-086.sql": 0.02128911018371582, "q10-087.sql": 0.020946741104125977, "q10-089.sql": 0.020876646041870117, "q10-090.sql": 0.02117133140563965, "q10-091.sql": 0.02105569839477539, "q10-092.sql": 0.021298646926879883, "q10-093.sql": 0.0207517147064209, "q10-094.sql": 0.021011829376220703, "q10-095.sql": 0.021033048629760742, "q10-096.sql": 0.021138429641723633, "q10-097.sql": 0.021333932876586914, "q10-098.sql": 0.02107548713684082, "q10-100.sql": 0.02123403549194336}