{"q10-001.sql": 0.02144336700439453, "q10-002.sql": 0.0208895206451416, "q10-003.sql": 0.02074575424194336, "q10-004.sql": 0.020450592041015625, "q10-005.sql": 0.02060723304748535, "q10-006.sql": 0.020485639572143555, "q10-007.sql": 0.020670413970947266, "q10-008.sql": 0.02077937126159668, "q10-009.sql": 0.02049708366394043, "q10-010.sql": 0.02069997787475586, "q10-011.sql": 0.020755767822265625, "q10-012.sql": 0.020496845245361328, "q10-013.sql": 0.020687580108642578, "q10-014.sql": 0.020546913146972656, "q10-015.sql": 0.02042102813720703, "q10-016.sql": 0.020058631896972656, "q10-017.sql": 0.020468950271606445, "q10-018.sql": 0.020371198654174805, "q10-019.sql": 0.020700454711914062, "q10-020.sql": 0.0207364559173584, "q10-021.sql": 0.020662784576416016, "q10-022.sql": 0.020631074905395508, "q10-023.sql": 0.02075362205505371, "q10-024.sql": 0.020767927169799805, "q10-026.sql": 0.020830869674682617, "q10-027.sql": 0.020750999450683594, "q10-029.sql": 0.020745038986206055, "q10-030.sql": 0.020139455795288086, "q10-031.sql": 0.020235300064086914, "q10-032.sql": 0.019947290420532227, "q10-033.sql": 0.020071744918823242, "q10-034.sql": 0.02113056182861328, "q10-036.sql": 0.020643234252929688, "q10-037.sql": 0.020795345306396484, "q10-038.sql": 0.02052760124206543, "q10-039.sql": 0.020626544952392578, "q10-040.sql": 0.02032947540283203, "q10-042.sql": 0.020743846893310547, "q10-043.sql": 0.02061772346496582, "q10-044.sql": 0.020488262176513672, "q10-045.sql": 0.020427703857421875, "q10-046.sql": 0.02060723304748535, "q10-047.sql": 0.02013874053955078, "q10-048.sql": 0.020155668258666992, "q10-049.sql": 0.02085256576538086, "q10-050.sql": 0.020664215087890625, "q10-051.sql": 0.020700454711914062, "q10-052.sql": 0.020585060119628906, "q10-053.sql": 0.020617961883544922, "q10-054.sql": 0.02039504051208496, "q10-055.sql": 0.020755529403686523, "q10-056.sql": 0.020506858825683594, "q10-057.sql": 0.020891666412353516, "q10-058.sql": 0.021013736724853516, "q10-059.sql": 0.020664691925048828, "q10-060.sql": 0.020845413208007812, "q10-061.sql": 0.020394325256347656, "q10-062.sql": 0.02097320556640625, "q10-063.sql": 0.02090620994567871, "q10-064.sql": 0.020900487899780273, "q10-065.sql": 0.02072620391845703, "q10-066.sql": 0.020714521408081055, "q10-067.sql": 0.020797014236450195, "q10-068.sql": 0.02078700065612793, "q10-069.sql": 0.020662784576416016, "q10-071.sql": 0.02062511444091797, "q10-072.sql": 0.02090167999267578, "q10-073.sql": 0.02078080177307129, "q10-074.sql": 0.02081751823425293, "q10-075.sql": 0.02050328254699707, "q10-077.sql": 0.020718812942504883, "q10-078.sql": 0.021133899688720703, "q10-079.sql": 0.02097344398498535, "q10-080.sql": 0.02109360694885254, "q10-081.sql": 0.02096104621887207, "q10-082.sql": 0.020708084106445312, "q10-083.sql": 0.020696640014648438, "q10-085.sql": 0.020912647247314453, "q10-087.sql": 0.020522594451904297, "q10-088.sql": 0.021007299423217773, "q10-089.sql": 0.02053976058959961, "q10-090.sql": 0.02050328254699707, "q10-091.sql": 0.020984172821044922, "q10-092.sql": 0.020746946334838867, "q10-093.sql": 0.020876646041870117, "q10-094.sql": 0.020735979080200195, "q10-095.sql": 0.02053213119506836, "q10-096.sql": 0.02081775665283203, "q10-098.sql": 0.02040386199951172, "q10-099.sql": 0.020715713500976562}