{"10a.sql": 0.035099029541015625, "10b.sql": 0.035195112228393555, "10c.sql": 0.03530073165893555, "11a.sql": 0.03532576560974121, "11b.sql": 0.03543376922607422, "11c.sql": 0.035037994384765625, "11d.sql": 0.035279273986816406, "12a.sql": 0.03515982627868652, "12b.sql": 0.03536343574523926, "12c.sql": 0.03526186943054199, "13a.sql": 0.03545522689819336, "13b.sql": 0.0350954532623291, "13c.sql": 0.035869598388671875, "14a.sql": 0.03548789024353027, "14b.sql": 0.03568220138549805, "15a.sql": 0.03538036346435547, "15b.sql": 0.03556346893310547, "15c.sql": 0.035320281982421875, "16b.sql": 0.03524923324584961, "16c.sql": 0.03529810905456543, "16d.sql": 0.03557014465332031, "17a.sql": 0.03537917137145996, "17b.sql": 0.03544211387634277, "17d.sql": 0.03517723083496094, "17e.sql": 0.03546285629272461, "17f.sql": 0.035149574279785156, "18c.sql": 0.18380117416381836, "19a.sql": 0.03554534912109375, "19b.sql": 0.03524613380432129, "19c.sql": 0.03539466857910156, "19d.sql": 0.03520369529724121, "1a.sql": 0.035486698150634766, "1c.sql": 0.03521013259887695, "1d.sql": 0.03590106964111328, "20a.sql": 0.0352330207824707, "20b.sql": 0.03548002243041992, "20c.sql": 0.03530526161193848, "21a.sql": 0.03554487228393555, "21b.sql": 0.035117149353027344, "22a.sql": 0.035355329513549805, "22b.sql": 0.03534221649169922, "22c.sql": 0.03513336181640625, "23a.sql": 0.0350799560546875, "23b.sql": 0.035347700119018555, "23c.sql": 0.03541851043701172, "24a.sql": 0.03530383110046387, "24b.sql": 0.03539681434631348, "25a.sql": 0.03512430191040039, "25b.sql": 0.03519272804260254, "25c.sql": 0.03505086898803711, "26b.sql": 0.03555488586425781, "26c.sql": 0.035706520080566406, "27a.sql": 0.035694122314453125, "27b.sql": 0.03496599197387695, "27c.sql": 0.0350496768951416, "28a.sql": 0.035114288330078125, "28b.sql": 0.03507113456726074, "28c.sql": 0.035106658935546875, "29a.sql": 0.03486895561218262, "29b.sql": 0.035202980041503906, "29c.sql": 0.03498244285583496, "2a.sql": 0.1778857707977295, "2b.sql": 0.18086504936218262, "30a.sql": 0.03526782989501953, "30c.sql": 0.0352323055267334, "31b.sql": 0.03510856628417969, "31c.sql": 0.035204172134399414, "32b.sql": 0.035021066665649414, "33a.sql": 0.03546142578125, "33b.sql": 0.035538434982299805, "33c.sql": 0.03507542610168457, "3a.sql": 0.035504817962646484, "3b.sql": 0.03520965576171875, "3c.sql": 0.03542733192443848, "4b.sql": 0.035184383392333984, "4c.sql": 0.035468339920043945, "5b.sql": 0.03550362586975098, "5c.sql": 0.035753726959228516, "6a.sql": 0.035210609436035156, "6b.sql": 0.03523588180541992, "6c.sql": 0.03555560111999512, "6d.sql": 0.035448312759399414, "6e.sql": 0.035439491271972656, "6f.sql": 0.03541851043701172, "7a.sql": 0.03554821014404297, "7b.sql": 0.03547191619873047, "8a.sql": 0.0352787971496582, "8b.sql": 0.03506898880004883, "8d.sql": 0.0354161262512207, "9c.sql": 0.1789543628692627, "9d.sql": 0.22539997100830078}