{"10c.sql": 3.173553705215454, "11c.sql": 0.03805375099182129, "13a.sql": 1.0359976291656494, "13c.sql": 0.0383303165435791, "13d.sql": 0.037774085998535156, "14a.sql": 0.42728400230407715, "14c.sql": 0.7360074520111084, "15c.sql": 0.03853178024291992, "15d.sql": 0.036629676818847656, "16d.sql": 1.1133830547332764, "17a.sql": 0.03868889808654785, "17b.sql": 0.03715825080871582, "17e.sql": 0.0357363224029541, "19a.sql": 0.035578250885009766, "19b.sql": 0.17232561111450195, "21c.sql": 0.03698301315307617, "22d.sql": 2.457597255706787, "23b.sql": 0.03879594802856445, "23c.sql": 0.3568270206451416, "26a.sql": 0.038600921630859375, "27a.sql": 0.03677225112915039, "27b.sql": 0.10074734687805176, "28c.sql": 1.8375847339630127, "29b.sql": 0.037545204162597656, "2c.sql": 0.03792881965637207, "30b.sql": 0.36904048919677734, "31c.sql": 1.0943100452423096, "33a.sql": 0.12471628189086914, "4b.sql": 0.17191171646118164, "4c.sql": 0.1805570125579834, "7a.sql": 0.9596014022827148, "8b.sql": 0.3887748718261719, "8c.sql": 2.9543678760528564, "9a.sql": 0.25676798820495605}