{"10a.sql": 0.727318286895752, "10b.sql": 0.20825910568237305, "11a.sql": 0.10866928100585938, "11b.sql": 0.10753941535949707, "11c.sql": 0.03590655326843262, "12b.sql": 0.1702582836151123, "13a.sql": 0.036615610122680664, "13b.sql": 0.037053823471069336, "14a.sql": 0.42183899879455566, "14b.sql": 0.23817658424377441, "15b.sql": 0.08862614631652832, "15c.sql": 0.03778362274169922, "16c.sql": 0.036998748779296875, "16d.sql": 1.1195847988128662, "17a.sql": 0.03909468650817871, "17b.sql": 0.03660869598388672, "17e.sql": 0.036347150802612305, "17f.sql": 2.347945213317871, "18c.sql": 0.03811216354370117, "19d.sql": 6.755824089050293, "1a.sql": 0.0400698184967041, "1d.sql": 0.03693437576293945, "20b.sql": 0.036931514739990234, "21a.sql": 0.12646245956420898, "22a.sql": 0.5734958648681641, "22b.sql": 0.4336817264556885, "22c.sql": 1.8330628871917725, "23c.sql": 0.3593127727508545, "24a.sql": 0.0390317440032959, "25b.sql": 2.1758229732513428, "26b.sql": 0.3679177761077881, "26c.sql": 1.8469281196594238, "27a.sql": 0.03890800476074219, "27c.sql": 0.16608214378356934, "28a.sql": 0.938004732131958, "28c.sql": 2.3150887489318848, "29a.sql": 0.16054487228393555, "30a.sql": 1.324976921081543, "31b.sql": 0.0376286506652832, "31c.sql": 1.0836617946624756, "32b.sql": 0.38201332092285156, "33a.sql": 0.2398977279663086, "33c.sql": 0.20316386222839355, "3b.sql": 0.03640866279602051, "3c.sql": 0.03678464889526367, "5b.sql": 0.21591567993164062, "5c.sql": 0.32691144943237305, "6a.sql": 0.09618878364562988, "6b.sql": 1.513899326324463, "6c.sql": 0.08201932907104492, "6d.sql": 1.4130158424377441, "6e.sql": 0.06533575057983398, "6f.sql": 0.03550076484680176, "8a.sql": 2.551788330078125, "8b.sql": 0.18414878845214844, "8d.sql": 0.03655600547790527, "9d.sql": 2.7419204711914062}