{"10c.sql": 0.17310309410095215, "11b.sql": 0.03517293930053711, "11c.sql": 0.03399062156677246, "11d.sql": 0.03417563438415527, "12a.sql": 0.1725151538848877, "13a.sql": 0.034200429916381836, "13b.sql": 0.03475832939147949, "13c.sql": 0.03409552574157715, "13d.sql": 0.034276723861694336, "14a.sql": 0.03440260887145996, "14b.sql": 0.033882856369018555, "14c.sql": 0.03431296348571777, "15b.sql": 0.0339202880859375, "15c.sql": 0.03486299514770508, "15d.sql": 0.03481435775756836, "16b.sql": 0.03454709053039551, "16c.sql": 0.03426098823547363, "16d.sql": 0.03500628471374512, "17a.sql": 0.034444570541381836, "17b.sql": 0.03423762321472168, "17c.sql": 0.03459477424621582, "17e.sql": 0.17673802375793457, "18a.sql": 0.17406821250915527, "19a.sql": 0.034589529037475586, "19b.sql": 0.03430318832397461, "19d.sql": 0.03463268280029297, "1b.sql": 0.034636497497558594, "1d.sql": 0.034174203872680664, "20b.sql": 0.17599725723266602, "21c.sql": 0.07396316528320312, "22a.sql": 0.034949541091918945, "22d.sql": 0.17795133590698242, "23b.sql": 0.03459811210632324, "23c.sql": 0.03439593315124512, "25c.sql": 0.1757807731628418, "26a.sql": 0.03458881378173828, "26b.sql": 0.03473377227783203, "26c.sql": 0.03434944152832031, "27a.sql": 0.03424954414367676, "27b.sql": 0.03507256507873535, "27c.sql": 0.03474020957946777, "28b.sql": 0.03400564193725586, "28c.sql": 0.03451180458068848, "29b.sql": 0.03435397148132324, "29c.sql": 0.03372836112976074, "2c.sql": 0.0348970890045166, "2d.sql": 0.03412675857543945, "30a.sql": 0.03407716751098633, "30b.sql": 0.0346837043762207, "31a.sql": 0.03468942642211914, "31b.sql": 0.03399467468261719, "31c.sql": 0.03498244285583496, "32a.sql": 0.03459525108337402, "32b.sql": 0.03592276573181152, "33a.sql": 0.03461432456970215, "33c.sql": 0.033949851989746094, "3b.sql": 0.03422904014587402, "3c.sql": 0.03476524353027344, "4b.sql": 0.03413081169128418, "4c.sql": 0.034931182861328125, "6a.sql": 0.035227060317993164, "6c.sql": 0.03513145446777344, "7a.sql": 0.1770930290222168, "8b.sql": 0.033972978591918945, "8c.sql": 0.03489947319030762, "8d.sql": 0.03554582595825195, "9a.sql": 0.03466463088989258, "9b.sql": 0.03480243682861328}