{"10c.sql": 10.282627582550049, "11c.sql": 0.039926767349243164, "13d.sql": 0.037293195724487305, "14c.sql": 0.7367448806762695, "15c.sql": 0.03891706466674805, "15d.sql": 0.037261962890625, "16d.sql": 1.1180315017700195, "17a.sql": 0.03909921646118164, "19a.sql": 0.037164926528930664, "26a.sql": 0.03648972511291504, "30b.sql": 0.37024974822998047, "8c.sql": 0.038983821868896484}