{"1.sql": {"63": 19.451953411102295, "55": 19.241324424743652, "47": 19.2277889251709, "23": 19.225587844848633, "opt": 23, "15": 37.11170673370361}, "10.sql": {"63": 90.64284014701843, "55": 6.927749395370483, "39": 6.327445983886719, "opt": 39}, "11.sql": {"63": 90.38272380828857, "55": 2.835761547088623, "47": 1.5717177391052246, "39": 1.290506362915039, "opt": 39}, "12.sql": {"63": 6.139840602874756, "31": 4.944730281829834, "15": 4.866663932800293, "opt": 15}, "13.sql": {"63": 24.38566255569458, "47": 23.421595811843872, "39": 5.0365753173828125, "opt": 39}, "14.sql": {"63": 5.471019983291626, "55": 3.429915189743042, "47": 3.17858624458313, "opt": 47}, "15.sql": {"63": 7.68864893913269, "55": 7.318471431732178, "47": 7.237112522125244, "23": 7.187868356704712, "opt": 23}, "16.sql": {"63": 5.524631500244141, "opt": 63}, "17.sql": {"63": 33.213762521743774, "55": 12.217747688293457, "47": 12.123332500457764, "31": 1.3799660205841064, "15": 1.1086277961730957, "opt": 15}, "18.sql": {"63": 25.249504327774048, "31": 25.137510061264038, "23": 24.32928991317749, "15": 10.21011757850647, "opt": 15, "55": 51}, "19.sql": {"63": 10.78282380104065, "55": 4.74382472038269, "47": 0.3851468563079834, "31": 0.38352060317993164, "15": 0.3831162452697754, "opt": 15}, "2.sql": {"63": 4.969113349914551, "47": 4.095616817474365, "opt": 47}, "20.sql": {"63": 76.1889181137085, "47": 8.739526748657227, "31": 8.717930316925049, "opt": 31}, "21.sql": {"63": 6.12665581703186, "47": 5.966911315917969, "opt": 47, "55": 13}, "22.sql": {"63": 0.8277168273925781, "47": 0.7117002010345459, "15": 0.6835815906524658, "opt": 15}, "3.sql": {"63": 6.848639965057373, "opt": 63}, "4.sql": {"63": 2.250462770462036, "47": 2.080944776535034, "31": 1.991652250289917, "15": 1.9395623207092285, "opt": 15}, "5.sql": {"63": 6.434191942214966, "55": 6.2837865352630615, "opt": 55}, "6.sql": {"63": 3.191105842590332, "55": 3.0431017875671387, "opt": 55}, "7.sql": {"63": 5.28580641746521, "55": 5.276362419128418, "47": 5.221863508224487, "opt": 47}, "8.sql": {"63": 2.924764633178711, "47": 2.5126564502716064, "15": 2.284454345703125, "opt": 15}, "9.sql": {"63": 10.992204427719116, "55": 9.718767881393433, "47": 9.560019493103027, "opt": 47}}