{"10a.sql": 0.03273892402648926, "10b.sql": 0.03284096717834473, "10c.sql": 0.17241859436035156, "11a.sql": 0.03399538993835449, "11b.sql": 0.03378653526306152, "11c.sql": 0.03428387641906738, "11d.sql": 0.03406715393066406, "12a.sql": 0.034362077713012695, "12b.sql": 0.03501319885253906, "12c.sql": 0.035016775131225586, "13a.sql": 0.03453373908996582, "13b.sql": 0.03410696983337402, "13c.sql": 0.034708499908447266, "13d.sql": 0.07336902618408203, "14a.sql": 0.03503751754760742, "14b.sql": 0.034224510192871094, "14c.sql": 0.034960031509399414, "15a.sql": 0.035047054290771484, "15b.sql": 0.03415822982788086, "15c.sql": 0.03454279899597168, "15d.sql": 0.22246146202087402, "16a.sql": 0.034288644790649414, "16b.sql": 0.17342209815979004, "16c.sql": 0.0357363224029541, "16d.sql": 0.03545188903808594, "17a.sql": 0.03500056266784668, "17b.sql": 0.03439021110534668, "17c.sql": 0.0341181755065918, "17d.sql": 0.034320831298828125, "17e.sql": 0.23727846145629883, "17f.sql": 0.03434634208679199, "18a.sql": 0.034195661544799805, "18b.sql": 0.033799171447753906, "18c.sql": 0.17324328422546387, "19a.sql": 0.03400778770446777, "19b.sql": 0.034514427185058594, "19c.sql": 0.033957481384277344, "19d.sql": 0.21978259086608887, "1a.sql": 0.03417205810546875, "1b.sql": 0.03425717353820801, "1c.sql": 0.03442120552062988, "1d.sql": 0.03428030014038086, "20a.sql": 0.03424811363220215, "20b.sql": 0.17449307441711426, "20c.sql": 0.03430676460266113, "21a.sql": 0.034146785736083984, "21b.sql": 0.03461813926696777, "21c.sql": 0.03402137756347656, "22a.sql": 0.03531002998352051, "22b.sql": 0.03531217575073242, "22c.sql": 0.2697865962982178, "22d.sql": 0.0363154411315918, "23a.sql": 0.03423762321472168, "23b.sql": 0.034245967864990234, "23c.sql": 0.03471994400024414, "24a.sql": 0.03412318229675293, "24b.sql": 0.036337852478027344, "25a.sql": 0.03546762466430664, "25b.sql": 0.03569173812866211, "25c.sql": 0.1739518642425537, "26a.sql": 0.03432655334472656, "26b.sql": 0.03511166572570801, "26c.sql": 0.17534089088439941, "27a.sql": 0.03523516654968262, "27b.sql": 0.17806434631347656, "27c.sql": 0.034723520278930664, "28a.sql": 0.03467202186584473, "28b.sql": 0.03473186492919922, "28c.sql": 0.0346987247467041, "29a.sql": 0.03452110290527344, "29b.sql": 0.03525424003601074, "29c.sql": 0.03438591957092285, "2a.sql": 0.035295724868774414, "2b.sql": 0.035073280334472656, "2c.sql": 0.03426980972290039, "2d.sql": 0.03520846366882324, "30a.sql": 0.1762220859527588, "30b.sql": 0.03479123115539551, "30c.sql": 0.17595982551574707, "31a.sql": 0.175018310546875, "31b.sql": 0.03554224967956543, "31c.sql": 0.03542137145996094, "32a.sql": 0.03418850898742676, "32b.sql": 0.03456282615661621, "33a.sql": 0.03507208824157715, "33b.sql": 0.034592628479003906, "33c.sql": 0.03468656539916992, "3a.sql": 0.03472304344177246, "3b.sql": 0.03514242172241211, "3c.sql": 0.035218238830566406, "4a.sql": 0.03523969650268555, "4b.sql": 0.03487372398376465, "4c.sql": 0.03467750549316406, "5a.sql": 0.035050153732299805, "5b.sql": 0.034832000732421875, "5c.sql": 0.03440976142883301, "6a.sql": 0.03452301025390625, "6b.sql": 0.03540158271789551, "6c.sql": 0.03532671928405762, "6d.sql": 0.03452277183532715, "6e.sql": 0.03459954261779785, "6f.sql": 0.28098344802856445, "7a.sql": 0.03432178497314453, "7b.sql": 0.03496098518371582, "7c.sql": 0.17660260200500488, "8a.sql": 0.03438687324523926, "8b.sql": 0.03554558753967285, "8c.sql": 0.2260124683380127, "8d.sql": 0.035486459732055664, "9a.sql": 0.03481912612915039, "9b.sql": 0.03491806983947754, "9c.sql": 0.03464794158935547, "9d.sql": 0.22065949440002441}