{"11c.sql": 0.037842750549316406, "12a.sql": 0.7066431045532227, "12b.sql": 0.09458398818969727, "15c.sql": 0.038498878479003906, "17a.sql": 0.03623366355895996, "22a.sql": 1.320939064025879, "22b.sql": 1.3093640804290771, "23c.sql": 0.36029958724975586, "31a.sql": 0.03998517990112305, "32a.sql": 0.03866410255432129, "6f.sql": 10.619488716125488, "8c.sql": 0.040256500244140625}