{"11a.sql": 0.10911870002746582, "12a.sql": 0.7188868522644043, "12c.sql": 0.03896951675415039, "13b.sql": 0.03677845001220703, "13d.sql": 0.0365293025970459, "15c.sql": 0.036184072494506836, "16a.sql": 0.0367887020111084, "16b.sql": 5.70427393913269, "16d.sql": 1.1278562545776367, "17b.sql": 0.03929638862609863, "21a.sql": 0.1258528232574463, "24a.sql": 0.58489990234375, "25a.sql": 0.03973269462585449, "26c.sql": 9.600641012191772, "27a.sql": 0.04181551933288574, "27b.sql": 0.10222673416137695, "2a.sql": 0.42774057388305664, "30b.sql": 0.36618757247924805, "33a.sql": 0.03925776481628418, "4a.sql": 0.03742098808288574, "4b.sql": 0.17988061904907227, "5c.sql": 0.03853416442871094, "9b.sql": 0.03697538375854492}