{"10a.sql": 0.034242868423461914, "10b.sql": 0.03507733345031738, "11a.sql": 0.0353395938873291, "11b.sql": 0.034171342849731445, "11c.sql": 0.034490108489990234, "12a.sql": 0.034131765365600586, "12b.sql": 0.03510713577270508, "13a.sql": 0.0347592830657959, "13b.sql": 0.03448629379272461, "14a.sql": 0.035137176513671875, "14b.sql": 0.03542804718017578, "15a.sql": 0.034837961196899414, "15b.sql": 0.0339045524597168, "15c.sql": 0.03445243835449219, "16b.sql": 0.03423905372619629, "16c.sql": 0.03429603576660156, "16d.sql": 0.034978628158569336, "17a.sql": 0.03435778617858887, "17b.sql": 0.034357547760009766, "17d.sql": 0.03557324409484863, "17e.sql": 0.03452706336975098, "17f.sql": 0.034413814544677734, "18c.sql": 0.1739640235900879, "19c.sql": 0.1772012710571289, "19d.sql": 0.22115612030029297, "1a.sql": 0.07255029678344727, "1d.sql": 0.034715890884399414, "20b.sql": 0.1731555461883545, "21a.sql": 0.03408360481262207, "21b.sql": 0.03381514549255371, "22a.sql": 0.03382134437561035, "22b.sql": 0.03497767448425293, "22c.sql": 0.03502702713012695, "23a.sql": 0.034181833267211914, "23b.sql": 0.03397369384765625, "23c.sql": 0.03440141677856445, "24a.sql": 0.03482699394226074, "25b.sql": 0.03430819511413574, "26b.sql": 0.03487753868103027, "26c.sql": 0.03388476371765137, "27a.sql": 0.0337224006652832, "27c.sql": 0.03404974937438965, "28a.sql": 0.03479480743408203, "28b.sql": 0.034509897232055664, "28c.sql": 0.035332679748535156, "29a.sql": 0.17774009704589844, "2a.sql": 0.17365241050720215, "30a.sql": 0.03418135643005371, "30c.sql": 0.03433942794799805, "31b.sql": 0.0343320369720459, "31c.sql": 0.03487658500671387, "32b.sql": 0.03437495231628418, "33a.sql": 0.03462624549865723, "33c.sql": 0.035089731216430664, "3b.sql": 0.03559708595275879, "3c.sql": 0.03431844711303711, "5b.sql": 0.034954071044921875, "5c.sql": 0.03454303741455078, "6a.sql": 0.03436899185180664, "6b.sql": 0.03472089767456055, "6c.sql": 0.034735679626464844, "6d.sql": 0.03453326225280762, "6e.sql": 0.03520703315734863, "6f.sql": 0.03459787368774414, "8a.sql": 0.03454327583312988, "8b.sql": 0.03427243232727051, "8d.sql": 0.03495454788208008, "9d.sql": 0.220289945602417}