{"q10-001.sql": 0.020771265029907227, "q10-002.sql": 0.020624399185180664, "q10-003.sql": 0.020549297332763672, "q10-004.sql": 0.02137017250061035, "q10-005.sql": 0.02091526985168457, "q10-006.sql": 0.020706892013549805, "q10-007.sql": 0.02062821388244629, "q10-008.sql": 0.02052760124206543, "q10-009.sql": 0.020350933074951172, "q10-010.sql": 0.02048969268798828, "q10-011.sql": 0.020479440689086914, "q10-012.sql": 0.020796537399291992, "q10-013.sql": 0.020710468292236328, "q10-014.sql": 0.020364761352539062, "q10-015.sql": 0.0204775333404541, "q10-016.sql": 0.020604848861694336, "q10-017.sql": 0.02041769027709961, "q10-018.sql": 0.021073102951049805, "q10-019.sql": 0.02081584930419922, "q10-020.sql": 0.020524978637695312, "q10-021.sql": 0.020640134811401367, "q10-022.sql": 0.020142793655395508, "q10-023.sql": 0.02025437355041504, "q10-024.sql": 0.02077174186706543, "q10-026.sql": 0.020271778106689453, "q10-027.sql": 0.020514249801635742, "q10-029.sql": 0.020251035690307617, "q10-030.sql": 0.02039194107055664, "q10-031.sql": 0.02032160758972168, "q10-032.sql": 0.020334959030151367, "q10-033.sql": 0.020502090454101562, "q10-034.sql": 0.020326614379882812, "q10-036.sql": 0.020526409149169922, "q10-037.sql": 0.021112442016601562, "q10-038.sql": 0.02048969268798828, "q10-039.sql": 0.020431041717529297, "q10-040.sql": 0.020534038543701172, "q10-042.sql": 0.020709753036499023, "q10-043.sql": 0.020357608795166016, "q10-044.sql": 0.020869731903076172, "q10-045.sql": 0.020203828811645508, "q10-046.sql": 0.020043611526489258, "q10-047.sql": 0.020470619201660156, "q10-048.sql": 0.02052783966064453, "q10-049.sql": 0.020810365676879883, "q10-050.sql": 0.020483016967773438, "q10-051.sql": 0.02080512046813965, "q10-052.sql": 0.02092576026916504, "q10-053.sql": 0.020955324172973633, "q10-054.sql": 0.0206601619720459, "q10-055.sql": 0.020534038543701172, "q10-056.sql": 0.020793437957763672, "q10-057.sql": 0.020500659942626953, "q10-058.sql": 0.020241975784301758, "q10-059.sql": 0.020693540573120117, "q10-060.sql": 0.020116806030273438, "q10-061.sql": 0.02048945426940918, "q10-062.sql": 0.020443201065063477, "q10-063.sql": 0.020553112030029297, "q10-064.sql": 0.020318031311035156, "q10-065.sql": 0.020181894302368164, "q10-066.sql": 0.020613431930541992, "q10-067.sql": 0.020805835723876953, "q10-068.sql": 0.021114349365234375, "q10-069.sql": 0.02031683921813965, "q10-071.sql": 0.02023148536682129, "q10-072.sql": 0.020723819732666016, "q10-073.sql": 0.020839929580688477, "q10-074.sql": 0.020711421966552734, "q10-075.sql": 0.020592927932739258, "q10-077.sql": 0.020601272583007812, "q10-078.sql": 0.0207674503326416, "q10-079.sql": 0.020421266555786133, "q10-080.sql": 0.020057201385498047, "q10-081.sql": 0.02029561996459961, "q10-082.sql": 0.020898103713989258, "q10-083.sql": 0.02078557014465332, "q10-085.sql": 0.020725011825561523, "q10-087.sql": 0.02056288719177246, "q10-088.sql": 0.020380735397338867, "q10-089.sql": 0.020661592483520508, "q10-090.sql": 0.020275115966796875, "q10-091.sql": 0.02039957046508789, "q10-092.sql": 0.01999521255493164, "q10-093.sql": 0.019954681396484375, "q10-094.sql": 0.020476579666137695, "q10-095.sql": 0.02043771743774414, "q10-096.sql": 0.020571231842041016, "q10-098.sql": 0.020539522171020508, "q10-099.sql": 0.020095348358154297}