{"11a.sql": 0.12367868423461914, "13d.sql": 0.03840231895446777, "15c.sql": 0.03783607482910156, "16b.sql": 6.859550952911377, "16d.sql": 1.129638433456421, "17b.sql": 0.039270877838134766, "24a.sql": 0.03698253631591797, "25a.sql": 0.03719782829284668, "27a.sql": 0.03745627403259277, "2a.sql": 0.42681455612182617, "4b.sql": 0.1723933219909668, "9b.sql": 0.03800344467163086}