{"10a.sql": 0.7038941383361816, "10b.sql": 0.21163058280944824, "11a.sql": 0.039221763610839844, "11b.sql": 0.03696560859680176, "11c.sql": 0.277080774307251, "11d.sql": 0.20121216773986816, "12a.sql": 0.6914558410644531, "12b.sql": 1.080087423324585, "12c.sql": 1.9149107933044434, "13a.sql": 0.03868746757507324, "13b.sql": 0.035573482513427734, "13c.sql": 0.03515291213989258, "13d.sql": 0.03523612022399902, "14b.sql": 0.2090921401977539, "14c.sql": 1.6180789470672607, "15c.sql": 0.0375363826751709, "16a.sql": 1.9761345386505127, "16b.sql": 1.2266976833343506, "16c.sql": 2.550973892211914, "16d.sql": 2.5852739810943604, "17a.sql": 0.03691983222961426, "17b.sql": 0.03622007369995117, "17c.sql": 0.03490638732910156, "17f.sql": 2.3283987045288086, "18a.sql": 0.037499427795410156, "18b.sql": 0.6768076419830322, "18c.sql": 4.805114030838013, "19a.sql": 0.7903330326080322, "19b.sql": 3.052327871322632, "19d.sql": 4.8576366901397705, "1a.sql": 0.03953719139099121, "1b.sql": 0.03627586364746094, "1d.sql": 0.0355377197265625, "20b.sql": 0.03483295440673828, "20c.sql": 1.4099249839782715, "21a.sql": 0.12583541870117188, "21c.sql": 0.037222862243652344, "22a.sql": 1.308960199356079, "22b.sql": 1.3088500499725342, "22d.sql": 2.549535036087036, "23a.sql": 0.2589414119720459, "23b.sql": 1.1369450092315674, "23c.sql": 0.3608253002166748, "24a.sql": 2.6911098957061768, "24b.sql": 0.036702632904052734, "25a.sql": 0.03648662567138672, "25b.sql": 2.163325548171997, "25c.sql": 2.76171875, "26a.sql": 2.284721612930298, "26b.sql": 0.29044103622436523, "26c.sql": 2.5687971115112305, "27a.sql": 0.03818035125732422, "27b.sql": 0.10052132606506348, "28a.sql": 1.863738775253296, "28b.sql": 1.3458147048950195, "28c.sql": 1.828881025314331, "29a.sql": 3.024268865585327, "29b.sql": 2.6978821754455566, "29c.sql": 3.0151214599609375, "2a.sql": 0.4164433479309082, "2b.sql": 0.03677630424499512, "2c.sql": 0.03630781173706055, "2d.sql": 0.03562593460083008, "30a.sql": 2.508014678955078, "30b.sql": 2.457192897796631, "30c.sql": 2.822540044784546, "31a.sql": 2.485229253768921, "31b.sql": 2.4892632961273193, "31c.sql": 2.9989326000213623, "32b.sql": 0.30354976654052734, "33a.sql": 0.12259459495544434, "33b.sql": 0.11769986152648926, "3a.sql": 0.035469770431518555, "3c.sql": 0.035001277923583984, "4a.sql": 0.16579270362854004, "4b.sql": 0.03566098213195801, "4c.sql": 0.03541707992553711, "5c.sql": 0.03525376319885254, "6a.sql": 1.3604621887207031, "6b.sql": 1.522566318511963, "6c.sql": 1.475099802017212, "6e.sql": 1.371901035308838, "7a.sql": 0.9551513195037842, "7c.sql": 3.4671852588653564, "8a.sql": 0.0365142822265625, "8c.sql": 2.9406886100769043, "8d.sql": 2.4338741302490234, "9a.sql": 1.7603728771209717, "9b.sql": 1.5223467350006104, "9c.sql": 1.705836534500122, "9d.sql": 2.777156352996826}