{"10a.sql": 0.03473234176635742, "10b.sql": 0.034378767013549805, "10c.sql": 0.1769270896911621, "11a.sql": 0.03426718711853027, "11b.sql": 0.03415679931640625, "11c.sql": 0.03413748741149902, "11d.sql": 0.03397655487060547, "12a.sql": 0.03393054008483887, "12b.sql": 0.0351567268371582, "12c.sql": 0.035796165466308594, "13a.sql": 0.03423738479614258, "13b.sql": 0.0350344181060791, "13c.sql": 0.0344846248626709, "13d.sql": 0.07381939888000488, "14a.sql": 0.03448081016540527, "14b.sql": 0.03455185890197754, "14c.sql": 0.03480982780456543, "15a.sql": 0.034584999084472656, "15b.sql": 0.03443145751953125, "15c.sql": 0.03433537483215332, "15d.sql": 0.22334027290344238, "16a.sql": 0.035508155822753906, "16b.sql": 0.17483782768249512, "16c.sql": 0.03500628471374512, "16d.sql": 0.034931182861328125, "17a.sql": 0.03475165367126465, "17b.sql": 0.034398794174194336, "17c.sql": 0.034264326095581055, "17d.sql": 0.034390926361083984, "17e.sql": 0.24077105522155762, "17f.sql": 0.03508734703063965, "18a.sql": 0.034981489181518555, "18b.sql": 0.03455829620361328, "18c.sql": 0.17746233940124512, "19a.sql": 0.0348200798034668, "19b.sql": 0.03424978256225586, "19c.sql": 0.03462505340576172, "19d.sql": 0.2200021743774414, "1a.sql": 0.034261465072631836, "1b.sql": 0.03448081016540527, "1c.sql": 0.03421330451965332, "1d.sql": 0.034593820571899414, "20a.sql": 0.03452730178833008, "20b.sql": 0.17612361907958984, "20c.sql": 0.037396907806396484, "21a.sql": 0.03481268882751465, "21b.sql": 0.034319400787353516, "21c.sql": 0.03453874588012695, "22a.sql": 0.035305023193359375, "22b.sql": 0.03454303741455078, "22c.sql": 0.27253293991088867, "22d.sql": 0.035933732986450195, "23a.sql": 0.03466510772705078, "23b.sql": 0.03470492362976074, "23c.sql": 0.03496694564819336, "24a.sql": 0.03469491004943848, "24b.sql": 0.035192251205444336, "25a.sql": 0.03471565246582031, "25b.sql": 0.03483891487121582, "25c.sql": 0.1768045425415039, "26a.sql": 0.035608530044555664, "26b.sql": 0.03541684150695801, "26c.sql": 0.18181586265563965, "27a.sql": 0.03597283363342285, "27b.sql": 0.1764681339263916, "27c.sql": 0.035790443420410156, "28a.sql": 0.034058570861816406, "28b.sql": 0.03455758094787598, "28c.sql": 0.03432059288024902, "29a.sql": 0.03386688232421875, "29b.sql": 0.03456282615661621, "29c.sql": 0.035158395767211914, "2a.sql": 0.034752607345581055, "2b.sql": 0.03457808494567871, "2c.sql": 0.03381156921386719, "2d.sql": 0.03415322303771973, "30a.sql": 0.17575836181640625, "30b.sql": 0.03523540496826172, "30c.sql": 0.17493796348571777, "31a.sql": 0.1788496971130371, "31b.sql": 0.034597158432006836, "31c.sql": 0.03453540802001953, "32a.sql": 0.03413057327270508, "32b.sql": 0.03418731689453125, "33a.sql": 0.03448295593261719, "33b.sql": 0.03503298759460449, "33c.sql": 0.03608083724975586, "3a.sql": 0.03423118591308594, "3b.sql": 0.03440499305725098, "3c.sql": 0.03479766845703125, "4a.sql": 0.035077810287475586, "4b.sql": 0.034746408462524414, "4c.sql": 0.034384965896606445, "5a.sql": 0.03478503227233887, "5b.sql": 0.03467440605163574, "5c.sql": 0.03448486328125, "6a.sql": 0.03438138961791992, "6b.sql": 0.0344843864440918, "6c.sql": 0.03464031219482422, "6d.sql": 0.03456735610961914, "6e.sql": 0.03432583808898926, "6f.sql": 0.28797030448913574, "7a.sql": 0.034574270248413086, "7b.sql": 0.03457331657409668, "7c.sql": 0.1775057315826416, "8a.sql": 0.034415245056152344, "8b.sql": 0.03409099578857422, "8c.sql": 0.22515439987182617, "8d.sql": 0.03515267372131348, "9a.sql": 0.03454422950744629, "9b.sql": 0.03415179252624512, "9c.sql": 0.0346527099609375, "9d.sql": 0.2195606231689453}