{"10a.sql": 0.40262794494628906, "11b.sql": 0.03917264938354492, "11c.sql": 0.24568533897399902, "11d.sql": 0.22702431678771973, "12a.sql": 0.6902706623077393, "12b.sql": 0.03812122344970703, "12c.sql": 0.03620457649230957, "13a.sql": 0.03563857078552246, "13c.sql": 0.03588557243347168, "14a.sql": 0.4222562313079834, "14c.sql": 1.6166839599609375, "15a.sql": 0.3953273296356201, "15b.sql": 0.08941936492919922, "15c.sql": 0.03791689872741699, "16a.sql": 0.27387022972106934, "17a.sql": 0.03864741325378418, "17d.sql": 2.3119637966156006, "17e.sql": 0.03656125068664551, "17f.sql": 0.03725099563598633, "18c.sql": 0.03640103340148926, "19b.sql": 3.0486388206481934, "19d.sql": 6.0283448696136475, "1a.sql": 0.28359198570251465, "1d.sql": 0.03689122200012207, "20a.sql": 6.626062393188477, "20b.sql": 0.038369178771972656, "20c.sql": 1.397932767868042, "21a.sql": 0.1267995834350586, "21c.sql": 0.090118408203125, "22a.sql": 1.3093385696411133, "22b.sql": 1.3033480644226074, "22d.sql": 2.5214645862579346, "23a.sql": 0.25518107414245605, "23b.sql": 0.1395571231842041, "23c.sql": 0.35785698890686035, "24a.sql": 2.7055587768554688, "24b.sql": 0.1599721908569336, "25a.sql": 0.03819155693054199, "26a.sql": 0.038841962814331055, "26b.sql": 0.9230282306671143, "26c.sql": 6.754534006118774, "27a.sql": 0.03869485855102539, "28c.sql": 1.8288040161132812, "29b.sql": 0.03780865669250488, "29c.sql": 0.4556264877319336, "2a.sql": 0.41778016090393066, "2b.sql": 0.3915224075317383, "2c.sql": 0.4607260227203369, "31a.sql": 0.03857421875, "31b.sql": 0.3523294925689697, "31c.sql": 3.04831600189209, "32a.sql": 0.03825020790100098, "33a.sql": 0.03750300407409668, "33c.sql": 0.20393896102905273, "3b.sql": 0.037888288497924805, "3c.sql": 0.037157535552978516, "4a.sql": 0.1703200340270996, "4b.sql": 0.03808426856994629, "4c.sql": 0.03769087791442871, "5a.sql": 0.14956450462341309, "6c.sql": 0.03728485107421875, "6d.sql": 6.903997182846069, "6e.sql": 0.03854775428771973, "6f.sql": 0.036475419998168945, "7c.sql": 2.4048662185668945, "8c.sql": 7.148357629776001, "9a.sql": 0.25534605979919434, "9b.sql": 1.4815959930419922}