{"10a.sql": 0.036956787109375, "10b.sql": 0.036550283432006836, "10c.sql": 0.03591442108154297, "11a.sql": 0.03557896614074707, "11b.sql": 0.036954402923583984, "11c.sql": 0.035361528396606445, "11d.sql": 0.036121368408203125, "12a.sql": 0.036994218826293945, "12b.sql": 0.03669428825378418, "12c.sql": 0.037233591079711914, "13a.sql": 0.03596949577331543, "13b.sql": 0.03560638427734375, "13c.sql": 0.03662848472595215, "13d.sql": 0.036312103271484375, "14a.sql": 0.035872697830200195, "14b.sql": 0.03584861755371094, "14c.sql": 0.0354311466217041, "15a.sql": 0.03560304641723633, "15b.sql": 0.035655975341796875, "15c.sql": 0.03522849082946777, "15d.sql": 0.5954358577728271, "16a.sql": 0.03662300109863281, "16b.sql": 7.707934141159058, "16c.sql": 0.03875422477722168, "16d.sql": 1.1123073101043701, "17a.sql": 0.03888750076293945, "17b.sql": 0.03819131851196289, "17c.sql": 0.03727078437805176, "17d.sql": 0.03732109069824219, "17e.sql": 0.037749528884887695, "17f.sql": 0.035759925842285156, "18a.sql": 0.03628969192504883, "18b.sql": 0.036238908767700195, "18c.sql": 0.035808563232421875, "19a.sql": 0.03597855567932129, "19b.sql": 0.03586983680725098, "19c.sql": 0.03635549545288086, "19d.sql": 7.686931848526001, "1a.sql": 0.04111957550048828, "1b.sql": 0.03685498237609863, "1c.sql": 0.0362548828125, "1d.sql": 0.03600597381591797, "20a.sql": 0.036802053451538086, "20b.sql": 0.03587794303894043, "20c.sql": 0.03564310073852539, "21a.sql": 0.03576302528381348, "21b.sql": 0.03606128692626953, "21c.sql": 0.035721778869628906, "22a.sql": 0.03643369674682617, "22b.sql": 0.036199331283569336, "22c.sql": 0.03732132911682129, "22d.sql": 0.03612780570983887, "23a.sql": 0.03612089157104492, "23b.sql": 0.036608219146728516, "23c.sql": 0.0360407829284668, "24a.sql": 0.03629732131958008, "24b.sql": 0.036002397537231445, "25a.sql": 0.03651595115661621, "25b.sql": 0.03639030456542969, "25c.sql": 0.03597283363342285, "26a.sql": 0.036263465881347656, "26b.sql": 0.03610038757324219, "26c.sql": 0.03593921661376953, "27a.sql": 0.035367727279663086, "27b.sql": 0.1012427806854248, "27c.sql": 0.037729501724243164, "28a.sql": 0.03738284111022949, "28b.sql": 0.03597879409790039, "28c.sql": 0.03595924377441406, "29a.sql": 0.03627824783325195, "29b.sql": 0.035814762115478516, "29c.sql": 0.035814523696899414, "2a.sql": 0.03632330894470215, "2b.sql": 0.03722572326660156, "2c.sql": 0.03574943542480469, "2d.sql": 0.03608989715576172, "30a.sql": 1.313014268875122, "30b.sql": 0.03975844383239746, "30c.sql": 0.03752756118774414, "31a.sql": 0.03690004348754883, "31b.sql": 0.036467552185058594, "31c.sql": 0.03602790832519531, "32a.sql": 0.037076711654663086, "32b.sql": 0.036463260650634766, "33a.sql": 0.03595900535583496, "33b.sql": 0.03623819351196289, "33c.sql": 0.036096811294555664, "3a.sql": 0.036542415618896484, "3b.sql": 0.03612828254699707, "3c.sql": 0.03557109832763672, "4a.sql": 0.036041975021362305, "4b.sql": 0.035839080810546875, "4c.sql": 0.03622078895568848, "5a.sql": 0.03616023063659668, "5b.sql": 0.0358738899230957, "5c.sql": 0.03591275215148926, "6a.sql": 0.03563380241394043, "6b.sql": 0.03598427772521973, "6c.sql": 0.03563284873962402, "6d.sql": 0.036237239837646484, "6e.sql": 0.0359950065612793, "6f.sql": 0.03580474853515625, "7a.sql": 0.03570890426635742, "7b.sql": 0.03624558448791504, "7c.sql": 0.035982370376586914, "8a.sql": 0.03549623489379883, "8b.sql": 0.035633087158203125, "8c.sql": 0.03625679016113281, "8d.sql": 0.03586006164550781, "9a.sql": 0.035890817642211914, "9b.sql": 0.03636002540588379, "9c.sql": 0.03616666793823242, "9d.sql": 0.03657865524291992}