{"10a.sql": 0.2252793312072754, "10b.sql": 0.017971038818359375, "10c.sql": 0.06868314743041992, "11a.sql": 0.024688005447387695, "11b.sql": 0.026129722595214844, "11c.sql": 0.08669805526733398, "11d.sql": 0.023284912109375, "12a.sql": 0.02381300926208496, "12b.sql": 0.0858607292175293, "12c.sql": 0.024494409561157227, "13a.sql": 0.07716822624206543, "13b.sql": 0.025716066360473633, "13c.sql": 0.02618718147277832, "13d.sql": 0.09013247489929199, "14a.sql": 0.024501323699951172, "14b.sql": 0.04254937171936035, "14c.sql": 0.08770012855529785, "15a.sql": 0.04020237922668457, "15b.sql": 0.08100199699401855, "15c.sql": 0.026357173919677734, "15d.sql": 0.02392721176147461, "16a.sql": 0.08332467079162598, "16b.sql": 0.018816471099853516, "16c.sql": 0.01943039894104004, "16d.sql": 0.07807612419128418, "17a.sql": 0.01800537109375, "17b.sql": 0.01790165901184082, "17c.sql": 0.07804083824157715, "17d.sql": 0.015456914901733398, "17e.sql": 0.014599084854125977, "17f.sql": 0.01572132110595703, "18a.sql": 0.08416128158569336, "18b.sql": 0.025321483612060547, "18c.sql": 0.03748512268066406, "19a.sql": 0.09569096565246582, "19b.sql": 0.032404184341430664, "19c.sql": 0.08938002586364746, "19d.sql": 0.02692270278930664, "1a.sql": 0.016278505325317383, "1b.sql": 0.08006000518798828, "1c.sql": 0.01611638069152832, "1d.sql": 0.014668941497802734, "20a.sql": 0.08361983299255371, "20b.sql": 0.02667403221130371, "20c.sql": 0.027708053588867188, "21a.sql": 0.10358762741088867, "21b.sql": 0.030463457107543945, "21c.sql": 0.09185028076171875, "22a.sql": 0.036640167236328125, "22b.sql": 0.1011512279510498, "22c.sql": 0.03835010528564453, "22d.sql": 0.09957337379455566, "23a.sql": 0.0319056510925293, "23b.sql": 0.0949406623840332, "23c.sql": 0.03347373008728027, "24a.sql": 0.10091257095336914, "24b.sql": 0.04085803031921387, "25a.sql": 0.09576654434204102, "25b.sql": 0.03270554542541504, "25c.sql": 0.09170889854431152, "26a.sql": 0.03851318359375, "26b.sql": 0.09875941276550293, "26c.sql": 0.03636789321899414, "27a.sql": 0.10467100143432617, "27b.sql": 0.09652018547058105, "27c.sql": 0.04274892807006836, "28a.sql": 0.1267070770263672, "28b.sql": 0.1102914810180664, "28c.sql": 0.049590349197387695, "29a.sql": 0.1455843448638916, "29b.sql": 0.12132143974304199, "29c.sql": 0.058953046798706055, "2a.sql": 0.09332704544067383, "2b.sql": 0.010830163955688477, "2c.sql": 0.010808229446411133, "2d.sql": 0.010724306106567383, "30a.sql": 0.10132932662963867, "30b.sql": 0.04656648635864258, "30c.sql": 0.11673879623413086, "31a.sql": 0.0967550277709961, "31b.sql": 0.04421710968017578, "31c.sql": 0.11603760719299316, "32a.sql": 0.013739585876464844, "32b.sql": 0.01482391357421875, "33a.sql": 0.11276102066040039, "33b.sql": 0.10282635688781738, "33c.sql": 0.043157100677490234, "3a.sql": 0.011654853820800781, "3b.sql": 0.09678459167480469, "3c.sql": 0.011690855026245117, "4a.sql": 0.012931346893310547, "4b.sql": 0.013822793960571289, "4c.sql": 0.013361454010009766, "5a.sql": 0.07712316513061523, "5b.sql": 0.013735055923461914, "5c.sql": 0.014986038208007812, "6a.sql": 0.01352381706237793, "6b.sql": 0.07756710052490234, "6c.sql": 0.014534950256347656, "6d.sql": 0.014690876007080078, "6e.sql": 0.014406681060791016, "6f.sql": 0.07994890213012695, "7a.sql": 0.024941205978393555, "7b.sql": 0.023128271102905273, "7c.sql": 0.09239411354064941, "8a.sql": 0.019959211349487305, "8b.sql": 0.024942636489868164, "8c.sql": 0.08593559265136719, "8d.sql": 0.016222000122070312, "9a.sql": 0.02497553825378418, "9b.sql": 0.0901031494140625, "9c.sql": 0.022869110107421875, "9d.sql": 0.022454023361206055}