{"10a.sql": 0.03372621536254883, "10b.sql": 0.03297710418701172, "10c.sql": 0.17560482025146484, "11a.sql": 0.03564143180847168, "11b.sql": 0.03554081916809082, "11c.sql": 0.03572654724121094, "11d.sql": 0.035543203353881836, "12a.sql": 0.03580498695373535, "12b.sql": 0.035494089126586914, "12c.sql": 0.035676002502441406, "13a.sql": 0.03584790229797363, "13b.sql": 0.03581404685974121, "13c.sql": 0.03578829765319824, "13d.sql": 0.0757904052734375, "14a.sql": 0.03518557548522949, "14b.sql": 0.03537464141845703, "14c.sql": 0.03538203239440918, "15a.sql": 0.03506946563720703, "15b.sql": 0.03533458709716797, "15c.sql": 0.03432440757751465, "15d.sql": 0.21946454048156738, "16a.sql": 0.034765005111694336, "16b.sql": 0.17223334312438965, "16c.sql": 0.03539633750915527, "16d.sql": 0.0352473258972168, "17a.sql": 0.03550124168395996, "17b.sql": 0.03578376770019531, "17c.sql": 0.03487849235534668, "17d.sql": 0.03473162651062012, "17e.sql": 0.24192261695861816, "17f.sql": 0.036041975021362305, "18a.sql": 0.03598308563232422, "18b.sql": 0.03567957878112793, "18c.sql": 0.1783461570739746, "19a.sql": 0.03439617156982422, "19b.sql": 0.03467535972595215, "19c.sql": 0.03540229797363281, "19d.sql": 0.21892809867858887, "1a.sql": 0.034719228744506836, "1b.sql": 0.03447866439819336, "1c.sql": 0.03482985496520996, "1d.sql": 0.03455662727355957, "20a.sql": 0.03516387939453125, "20b.sql": 0.17382597923278809, "20c.sql": 0.03518390655517578, "21a.sql": 0.03518557548522949, "21b.sql": 0.03441023826599121, "21c.sql": 0.03478574752807617, "22a.sql": 0.034815073013305664, "22b.sql": 0.03508281707763672, "22c.sql": 0.26621484756469727, "22d.sql": 0.03652000427246094, "23a.sql": 0.035120487213134766, "23b.sql": 0.03406548500061035, "23c.sql": 0.035271644592285156, "24a.sql": 0.03480172157287598, "24b.sql": 0.03384828567504883, "25a.sql": 0.034447431564331055, "25b.sql": 0.03435373306274414, "25c.sql": 0.17336750030517578, "26a.sql": 0.034522056579589844, "26b.sql": 0.034316062927246094, "26c.sql": 0.17381787300109863, "27a.sql": 0.03432488441467285, "27b.sql": 0.17240405082702637, "27c.sql": 0.035263776779174805, "28a.sql": 0.03489565849304199, "28b.sql": 0.0338444709777832, "28c.sql": 0.03469133377075195, "29a.sql": 0.03484392166137695, "29b.sql": 0.033782005310058594, "29c.sql": 0.0346834659576416, "2a.sql": 0.03460192680358887, "2b.sql": 0.03416800498962402, "2c.sql": 0.03500008583068848, "2d.sql": 0.034192562103271484, "30a.sql": 0.1733534336090088, "30b.sql": 0.03511977195739746, "30c.sql": 0.17426824569702148, "31a.sql": 0.1761167049407959, "31b.sql": 0.03524589538574219, "31c.sql": 0.034718990325927734, "32a.sql": 0.034940242767333984, "32b.sql": 0.03499627113342285, "33a.sql": 0.034668922424316406, "33b.sql": 0.034525394439697266, "33c.sql": 0.03434610366821289, "3a.sql": 0.03506731986999512, "3b.sql": 0.03540158271789551, "3c.sql": 0.03469061851501465, "4a.sql": 0.03508949279785156, "4b.sql": 0.03516340255737305, "4c.sql": 0.03395557403564453, "5a.sql": 0.0347599983215332, "5b.sql": 0.03539419174194336, "5c.sql": 0.03477931022644043, "6a.sql": 0.03537464141845703, "6b.sql": 0.035527706146240234, "6c.sql": 0.0348360538482666, "6d.sql": 0.03455924987792969, "6e.sql": 0.034844398498535156, "6f.sql": 0.27819299697875977, "7a.sql": 0.034476518630981445, "7b.sql": 0.034963369369506836, "7c.sql": 0.17595410346984863, "8a.sql": 0.034777164459228516, "8b.sql": 0.035127878189086914, "8c.sql": 0.22415685653686523, "8d.sql": 0.034929513931274414, "9a.sql": 0.03492331504821777, "9b.sql": 0.03445720672607422, "9c.sql": 0.03454732894897461, "9d.sql": 0.22011828422546387}