{"10a.sql": 0.03860282897949219, "10b.sql": 0.037816524505615234, "10c.sql": 0.03726553916931152, "11a.sql": 0.03698134422302246, "11b.sql": 0.03672933578491211, "11c.sql": 0.03680753707885742, "11d.sql": 0.0361638069152832, "12a.sql": 0.037082672119140625, "12b.sql": 0.03751635551452637, "12c.sql": 0.036835432052612305, "13a.sql": 0.036850929260253906, "13b.sql": 0.03691864013671875, "13c.sql": 0.03673148155212402, "13d.sql": 0.03650307655334473, "14a.sql": 0.03715014457702637, "14b.sql": 0.03740334510803223, "14c.sql": 0.03728008270263672, "15a.sql": 0.0371546745300293, "15b.sql": 0.037166595458984375, "15c.sql": 0.036501169204711914, "15d.sql": 0.6053199768066406, "16a.sql": 0.0363316535949707, "16b.sql": 7.719250202178955, "16c.sql": 0.03831219673156738, "16d.sql": 1.1144840717315674, "17a.sql": 0.04012894630432129, "17b.sql": 0.037542104721069336, "17c.sql": 0.03637266159057617, "17d.sql": 0.03654766082763672, "17e.sql": 0.03668642044067383, "17f.sql": 0.035858154296875, "18a.sql": 0.03759431838989258, "18b.sql": 0.03711867332458496, "18c.sql": 0.03619074821472168, "19a.sql": 0.0364227294921875, "19b.sql": 0.03591632843017578, "19c.sql": 0.03659200668334961, "19d.sql": 7.6490278244018555, "1a.sql": 0.04067683219909668, "1b.sql": 0.03815412521362305, "1c.sql": 0.03737926483154297, "1d.sql": 0.03723931312561035, "20a.sql": 0.03738522529602051, "20b.sql": 0.03730916976928711, "20c.sql": 0.03740549087524414, "21a.sql": 0.03745746612548828, "21b.sql": 0.0368807315826416, "21c.sql": 0.03749442100524902, "22a.sql": 0.0374603271484375, "22b.sql": 0.03730034828186035, "22c.sql": 0.03756356239318848, "22d.sql": 0.03689455986022949, "23a.sql": 0.03729128837585449, "23b.sql": 0.03720450401306152, "23c.sql": 0.03718686103820801, "24a.sql": 0.037329912185668945, "24b.sql": 0.03740286827087402, "25a.sql": 0.03790855407714844, "25b.sql": 0.03744792938232422, "25c.sql": 0.03713250160217285, "26a.sql": 0.03740644454956055, "26b.sql": 0.03771328926086426, "26c.sql": 0.03706216812133789, "27a.sql": 0.037039995193481445, "27b.sql": 0.10121011734008789, "27c.sql": 0.03736162185668945, "28a.sql": 0.03766751289367676, "28b.sql": 0.03709745407104492, "28c.sql": 0.03641462326049805, "29a.sql": 0.03678750991821289, "29b.sql": 0.036168813705444336, "29c.sql": 0.036081790924072266, "2a.sql": 0.03616189956665039, "2b.sql": 0.03624987602233887, "2c.sql": 0.03615379333496094, "2d.sql": 0.036611318588256836, "30a.sql": 1.3142547607421875, "30b.sql": 0.03972959518432617, "30c.sql": 0.03758955001831055, "31a.sql": 0.03642630577087402, "31b.sql": 0.03655695915222168, "31c.sql": 0.037277936935424805, "32a.sql": 0.03672909736633301, "32b.sql": 0.036498308181762695, "33a.sql": 0.0369720458984375, "33b.sql": 0.03592681884765625, "33c.sql": 0.03651547431945801, "3a.sql": 0.03658628463745117, "3b.sql": 0.03737521171569824, "3c.sql": 0.036898136138916016, "4a.sql": 0.03716611862182617, "4b.sql": 0.036846160888671875, "4c.sql": 0.03701901435852051, "5a.sql": 0.03690528869628906, "5b.sql": 0.03695845603942871, "5c.sql": 0.0371401309967041, "6a.sql": 0.03684854507446289, "6b.sql": 0.03741574287414551, "6c.sql": 0.03712725639343262, "6d.sql": 0.03728127479553223, "6e.sql": 0.036847591400146484, "6f.sql": 0.03680562973022461, "7a.sql": 0.03702545166015625, "7b.sql": 0.03711509704589844, "7c.sql": 0.0367431640625, "8a.sql": 0.03670001029968262, "8b.sql": 0.03658413887023926, "8c.sql": 0.03686118125915527, "8d.sql": 0.03610682487487793, "9a.sql": 0.03629732131958008, "9b.sql": 0.036318302154541016, "9c.sql": 0.03636026382446289, "9d.sql": 0.035976409912109375}