{"q10-001.sql": 0.02106332778930664, "q10-002.sql": 0.02001667022705078, "q10-003.sql": 0.020241260528564453, "q10-004.sql": 0.020205259323120117, "q10-005.sql": 0.020786762237548828, "q10-006.sql": 0.020297527313232422, "q10-007.sql": 0.020484209060668945, "q10-008.sql": 0.02038884162902832, "q10-009.sql": 0.020610809326171875, "q10-010.sql": 0.020646095275878906, "q10-011.sql": 0.020952939987182617, "q10-012.sql": 0.020786046981811523, "q10-013.sql": 0.020930051803588867, "q10-014.sql": 0.021053075790405273, "q10-015.sql": 0.020884037017822266, "q10-016.sql": 0.020977497100830078, "q10-017.sql": 0.020092487335205078, "q10-018.sql": 0.02059197425842285, "q10-019.sql": 0.020356178283691406, "q10-020.sql": 0.020658493041992188, "q10-021.sql": 0.020471572875976562, "q10-022.sql": 0.020736217498779297, "q10-023.sql": 0.020540952682495117, "q10-024.sql": 0.020750045776367188, "q10-026.sql": 0.020505189895629883, "q10-027.sql": 0.020397663116455078, "q10-029.sql": 0.020745515823364258, "q10-030.sql": 0.02083563804626465, "q10-031.sql": 0.020644664764404297, "q10-032.sql": 0.0207064151763916, "q10-033.sql": 0.020452022552490234, "q10-034.sql": 0.020354032516479492, "q10-036.sql": 0.020246028900146484, "q10-037.sql": 0.020173311233520508, "q10-038.sql": 0.020376205444335938, "q10-039.sql": 0.02026844024658203, "q10-040.sql": 0.020203113555908203, "q10-042.sql": 0.020468950271606445, "q10-043.sql": 0.020328521728515625, "q10-044.sql": 0.020847320556640625, "q10-045.sql": 0.021313190460205078, "q10-046.sql": 0.021074771881103516, "q10-047.sql": 0.021189212799072266, "q10-048.sql": 0.02059769630432129, "q10-049.sql": 0.020682811737060547, "q10-050.sql": 0.020869731903076172, "q10-051.sql": 0.02054452896118164, "q10-052.sql": 0.020841121673583984, "q10-053.sql": 0.020650863647460938, "q10-054.sql": 0.02073359489440918, "q10-055.sql": 0.020806312561035156, "q10-056.sql": 0.020663738250732422, "q10-057.sql": 0.02060699462890625, "q10-058.sql": 0.02041172981262207, "q10-059.sql": 0.020751953125, "q10-060.sql": 0.02133321762084961, "q10-061.sql": 0.021244287490844727, "q10-062.sql": 0.020792007446289062, "q10-063.sql": 0.02066826820373535, "q10-064.sql": 0.020648479461669922, "q10-065.sql": 0.02069997787475586, "q10-066.sql": 0.020695924758911133, "q10-067.sql": 0.020615339279174805, "q10-068.sql": 0.02075791358947754, "q10-069.sql": 0.02078557014465332, "q10-071.sql": 0.02082204818725586, "q10-072.sql": 0.020708560943603516, "q10-073.sql": 0.02025604248046875, "q10-074.sql": 0.020807266235351562, "q10-075.sql": 0.020750999450683594, "q10-077.sql": 0.021366596221923828, "q10-078.sql": 0.02068495750427246, "q10-079.sql": 0.02084970474243164, "q10-080.sql": 0.02093648910522461, "q10-081.sql": 0.0208892822265625, "q10-082.sql": 0.020653724670410156, "q10-083.sql": 0.020874977111816406, "q10-085.sql": 0.0205230712890625, "q10-087.sql": 0.021015405654907227, "q10-088.sql": 0.021225690841674805, "q10-089.sql": 0.020595312118530273, "q10-090.sql": 0.0206758975982666, "q10-091.sql": 0.02062058448791504, "q10-092.sql": 0.020953893661499023, "q10-093.sql": 0.02126026153564453, "q10-094.sql": 0.02090764045715332, "q10-095.sql": 0.02022099494934082, "q10-096.sql": 0.020929813385009766, "q10-098.sql": 0.020704984664916992, "q10-099.sql": 0.020592689514160156}