{"10a.sql": 0.03443574905395508, "11b.sql": 0.03494977951049805, "11c.sql": 0.03536200523376465, "12b.sql": 0.08429121971130371, "14b.sql": 0.17929530143737793, "15b.sql": 0.03547096252441406, "15c.sql": 0.035480499267578125, "17a.sql": 0.03492236137390137, "17b.sql": 0.03435564041137695, "17e.sql": 0.22535967826843262, "18c.sql": 0.17574810981750488, "1a.sql": 0.18136215209960938, "20b.sql": 0.17540740966796875, "22a.sql": 0.034769535064697266, "22c.sql": 0.1756298542022705, "26c.sql": 0.17498207092285156, "27c.sql": 0.03432774543762207, "28a.sql": 0.03379940986633301, "28c.sql": 0.03439760208129883, "29a.sql": 0.1813673973083496, "30a.sql": 0.17576241493225098, "31b.sql": 0.034063100814819336, "31c.sql": 0.034681081771850586, "32b.sql": 0.03535914421081543, "33a.sql": 0.035017967224121094, "33c.sql": 0.035301923751831055, "3c.sql": 0.03408455848693848, "5b.sql": 0.03540492057800293, "6a.sql": 1.5513520240783691, "6b.sql": 0.03546929359436035, "6e.sql": 0.03462648391723633, "6f.sql": 0.2247469425201416, "8a.sql": 0.03545045852661133, "8b.sql": 0.03542661666870117}