{"13a.sql": 0.037908077239990234, "17c.sql": 0.03657889366149902, "18a.sql": 0.03635239601135254, "19a.sql": 0.03670167922973633, "19c.sql": 10.12332534790039, "1c.sql": 0.04074430465698242, "20a.sql": 1.6346426010131836, "21a.sql": 0.12523651123046875, "21c.sql": 0.09154415130615234, "22b.sql": 0.038570404052734375, "22d.sql": 2.449167013168335, "23b.sql": 0.14361786842346191, "25a.sql": 2.3601982593536377, "28a.sql": 1.8753268718719482, "28c.sql": 1.8244102001190186, "29a.sql": 0.1609325408935547, "31b.sql": 0.03863716125488281, "31c.sql": 1.093578815460205, "3b.sql": 0.04010653495788574, "5c.sql": 0.26689791679382324, "6e.sql": 0.04003167152404785, "6f.sql": 10.22731351852417, "7b.sql": 0.3657383918762207}