{"10c.sql": 0.17645764350891113, "11b.sql": 0.03489279747009277, "11c.sql": 0.03503990173339844, "11d.sql": 0.03557872772216797, "12a.sql": 0.17555546760559082, "13a.sql": 0.03437042236328125, "13b.sql": 0.03491830825805664, "13c.sql": 0.035185813903808594, "13d.sql": 0.03555941581726074, "14a.sql": 0.03545689582824707, "14b.sql": 0.034380197525024414, "14c.sql": 0.03383445739746094, "15a.sql": 0.034340858459472656, "15b.sql": 0.03433680534362793, "15c.sql": 0.03502321243286133, "15d.sql": 0.034366607666015625, "16b.sql": 0.0348515510559082, "16c.sql": 0.03529810905456543, "16d.sql": 0.034627437591552734, "17a.sql": 0.03403902053833008, "17b.sql": 0.034857988357543945, "17c.sql": 0.034699201583862305, "17d.sql": 0.03449273109436035, "17e.sql": 0.03482246398925781, "18a.sql": 0.034973859786987305, "18b.sql": 0.03504061698913574, "18c.sql": 0.03476095199584961, "19a.sql": 0.034186601638793945, "19b.sql": 0.03476285934448242, "19d.sql": 0.03415250778198242, "1b.sql": 0.034485816955566406, "1c.sql": 0.034394025802612305, "1d.sql": 0.0342259407043457, "20a.sql": 0.034702301025390625, "20b.sql": 0.03570103645324707, "21a.sql": 0.033988237380981445, "21c.sql": 0.03400731086730957, "22a.sql": 0.03491687774658203, "22d.sql": 0.17722439765930176, "23b.sql": 0.03445839881896973, "23c.sql": 0.033910512924194336, "25c.sql": 0.17603540420532227, "26a.sql": 0.03505444526672363, "26b.sql": 0.03526735305786133, "26c.sql": 0.03462934494018555, "27a.sql": 0.03431081771850586, "27b.sql": 0.03460049629211426, "27c.sql": 0.034407854080200195, "28b.sql": 0.03394198417663574, "28c.sql": 0.034447669982910156, "29b.sql": 0.03403139114379883, "29c.sql": 0.035135507583618164, "2c.sql": 0.03530001640319824, "2d.sql": 0.035127878189086914, "30a.sql": 0.03401637077331543, "30b.sql": 0.03432774543762207, "30c.sql": 0.03393721580505371, "31a.sql": 0.03487062454223633, "31b.sql": 0.03566622734069824, "31c.sql": 0.0354001522064209, "32a.sql": 0.035311222076416016, "32b.sql": 0.034996986389160156, "33a.sql": 0.03440141677856445, "33c.sql": 0.03548240661621094, "3b.sql": 0.03508162498474121, "3c.sql": 0.035047054290771484, "4b.sql": 0.035157203674316406, "4c.sql": 0.03571033477783203, "5a.sql": 0.18006324768066406, "6a.sql": 0.03511381149291992, "6b.sql": 0.0358583927154541, "6c.sql": 0.03548002243041992, "6d.sql": 0.17900323867797852, "7a.sql": 0.0352015495300293, "7b.sql": 0.03547549247741699, "8b.sql": 0.03516125679016113, "8c.sql": 0.03505134582519531, "8d.sql": 0.035547733306884766, "9a.sql": 0.03617739677429199, "9b.sql": 0.0352787971496582}