{"q10-001.sql": 0.020883560180664062, "q10-002.sql": 0.020936250686645508, "q10-003.sql": 0.02071094512939453, "q10-004.sql": 0.02008986473083496, "q10-005.sql": 0.020596981048583984, "q10-006.sql": 0.02076578140258789, "q10-007.sql": 0.0205538272857666, "q10-008.sql": 0.020650386810302734, "q10-009.sql": 0.020511150360107422, "q10-010.sql": 0.020795106887817383, "q10-011.sql": 0.021062850952148438, "q10-012.sql": 0.020961523056030273, "q10-013.sql": 0.020572423934936523, "q10-014.sql": 0.020595788955688477, "q10-015.sql": 0.02051997184753418, "q10-016.sql": 0.020714998245239258, "q10-017.sql": 0.02081298828125, "q10-018.sql": 0.02053523063659668, "q10-019.sql": 0.020392417907714844, "q10-020.sql": 0.020463228225708008, "q10-021.sql": 0.020608901977539062, "q10-022.sql": 0.020917654037475586, "q10-023.sql": 0.020651578903198242, "q10-024.sql": 0.02062845230102539, "q10-026.sql": 0.02083754539489746, "q10-027.sql": 0.02093195915222168, "q10-029.sql": 0.020887374877929688, "q10-030.sql": 0.020435810089111328, "q10-031.sql": 0.020667314529418945, "q10-032.sql": 0.02022528648376465, "q10-033.sql": 0.020646333694458008, "q10-034.sql": 0.020787477493286133, "q10-036.sql": 0.02046036720275879, "q10-037.sql": 0.020711183547973633, "q10-038.sql": 0.02077484130859375, "q10-039.sql": 0.02054619789123535, "q10-040.sql": 0.020783662796020508, "q10-042.sql": 0.02031540870666504, "q10-043.sql": 0.020827293395996094, "q10-044.sql": 0.02101874351501465, "q10-045.sql": 0.02102375030517578, "q10-046.sql": 0.020573854446411133, "q10-047.sql": 0.02046060562133789, "q10-048.sql": 0.020304441452026367, "q10-049.sql": 0.02051544189453125, "q10-050.sql": 0.020802974700927734, "q10-051.sql": 0.020445823669433594, "q10-052.sql": 0.020705699920654297, "q10-053.sql": 0.02049112319946289, "q10-054.sql": 0.020619869232177734, "q10-055.sql": 0.020856857299804688, "q10-056.sql": 0.020463943481445312, "q10-057.sql": 0.020580768585205078, "q10-058.sql": 0.021037817001342773, "q10-059.sql": 0.0210878849029541, "q10-060.sql": 0.0212857723236084, "q10-061.sql": 0.02036261558532715, "q10-062.sql": 0.020503520965576172, "q10-063.sql": 0.020352840423583984, "q10-064.sql": 0.02053046226501465, "q10-065.sql": 0.020919322967529297, "q10-066.sql": 0.019743919372558594, "q10-067.sql": 0.01992011070251465, "q10-068.sql": 0.019913673400878906, "q10-069.sql": 0.020811080932617188, "q10-071.sql": 0.020669937133789062, "q10-072.sql": 0.020611286163330078, "q10-073.sql": 0.020643949508666992, "q10-074.sql": 0.020413637161254883, "q10-075.sql": 0.021384477615356445, "q10-077.sql": 0.02066946029663086, "q10-078.sql": 0.020600318908691406, "q10-079.sql": 0.020498991012573242, "q10-080.sql": 0.02081012725830078, "q10-081.sql": 0.021188020706176758, "q10-082.sql": 0.020587444305419922, "q10-083.sql": 0.020613908767700195, "q10-085.sql": 0.02051234245300293, "q10-087.sql": 0.020627975463867188, "q10-088.sql": 0.020785093307495117, "q10-089.sql": 0.020598649978637695, "q10-090.sql": 0.020436525344848633, "q10-091.sql": 0.020888090133666992, "q10-092.sql": 0.021175146102905273, "q10-093.sql": 0.021129131317138672, "q10-094.sql": 0.020440101623535156, "q10-095.sql": 0.020593643188476562, "q10-096.sql": 0.020527362823486328, "q10-098.sql": 0.020681381225585938, "q10-099.sql": 0.020546674728393555}