{"q10-001.sql": 0.02088618278503418, "q10-002.sql": 0.020867586135864258, "q10-003.sql": 0.021074533462524414, "q10-004.sql": 0.02065730094909668, "q10-005.sql": 0.020658016204833984, "q10-006.sql": 0.020463228225708008, "q10-007.sql": 0.02058267593383789, "q10-008.sql": 0.021099328994750977, "q10-009.sql": 0.0207364559173584, "q10-010.sql": 0.020682573318481445, "q10-011.sql": 0.021173954010009766, "q10-012.sql": 0.02085089683532715, "q10-013.sql": 0.021144866943359375, "q10-014.sql": 0.02083611488342285, "q10-015.sql": 0.020704269409179688, "q10-016.sql": 0.020758628845214844, "q10-017.sql": 0.020807743072509766, "q10-018.sql": 0.020433902740478516, "q10-019.sql": 0.02093672752380371, "q10-020.sql": 0.020802974700927734, "q10-021.sql": 0.02068614959716797, "q10-022.sql": 0.021044254302978516, "q10-023.sql": 0.020777463912963867, "q10-024.sql": 0.020795583724975586, "q10-026.sql": 0.020940542221069336, "q10-027.sql": 0.020817995071411133, "q10-029.sql": 0.021465301513671875, "q10-030.sql": 0.020643234252929688, "q10-031.sql": 0.020763158798217773, "q10-032.sql": 0.020325899124145508, "q10-033.sql": 0.020819902420043945, "q10-034.sql": 0.021128416061401367, "q10-036.sql": 0.020822763442993164, "q10-037.sql": 0.02086663246154785, "q10-038.sql": 0.020886898040771484, "q10-039.sql": 0.020702123641967773, "q10-040.sql": 0.021227359771728516, "q10-042.sql": 0.020626544952392578, "q10-043.sql": 0.020624399185180664, "q10-044.sql": 0.02107834815979004, "q10-045.sql": 0.02107715606689453, "q10-046.sql": 0.020827770233154297, "q10-047.sql": 0.02090907096862793, "q10-048.sql": 0.020677566528320312, "q10-049.sql": 0.02063298225402832, "q10-050.sql": 0.021102428436279297, "q10-051.sql": 0.02072930335998535, "q10-052.sql": 0.020821571350097656, "q10-053.sql": 0.02107858657836914, "q10-054.sql": 0.020691394805908203, "q10-055.sql": 0.02073836326599121, "q10-056.sql": 0.020633220672607422, "q10-057.sql": 0.02079033851623535, "q10-058.sql": 0.020527362823486328, "q10-059.sql": 0.02085709571838379, "q10-060.sql": 0.02128314971923828, "q10-061.sql": 0.020818710327148438, "q10-062.sql": 0.020532846450805664, "q10-063.sql": 0.020581722259521484, "q10-064.sql": 0.020539522171020508, "q10-065.sql": 0.020746231079101562, "q10-066.sql": 0.020464420318603516, "q10-067.sql": 0.02035808563232422, "q10-068.sql": 0.02037835121154785, "q10-069.sql": 0.020823001861572266, "q10-071.sql": 0.02048206329345703, "q10-072.sql": 0.020415067672729492, "q10-073.sql": 0.020433664321899414, "q10-074.sql": 0.021037578582763672, "q10-075.sql": 0.020849943161010742, "q10-077.sql": 0.020941495895385742, "q10-078.sql": 0.02062249183654785, "q10-079.sql": 0.02038431167602539, "q10-080.sql": 0.02069258689880371, "q10-081.sql": 0.02064824104309082, "q10-082.sql": 0.020792245864868164, "q10-083.sql": 0.020540714263916016, "q10-085.sql": 0.02042365074157715, "q10-087.sql": 0.020672082901000977, "q10-088.sql": 0.020914077758789062, "q10-089.sql": 0.020623445510864258, "q10-090.sql": 0.020575284957885742, "q10-091.sql": 0.020748615264892578, "q10-092.sql": 0.021007061004638672, "q10-093.sql": 0.020678043365478516, "q10-094.sql": 0.020439624786376953, "q10-095.sql": 0.020656347274780273, "q10-096.sql": 0.02046036720275879, "q10-098.sql": 0.020820140838623047, "q10-099.sql": 0.020648717880249023}