{"q10-001.sql": 0.020806074142456055, "q10-002.sql": 0.02031230926513672, "q10-003.sql": 0.020762920379638672, "q10-004.sql": 0.020334720611572266, "q10-005.sql": 0.020802736282348633, "q10-006.sql": 0.02044200897216797, "q10-007.sql": 0.020492076873779297, "q10-008.sql": 0.02068781852722168, "q10-009.sql": 0.020860671997070312, "q10-010.sql": 0.02095484733581543, "q10-011.sql": 0.02095770835876465, "q10-012.sql": 0.02063584327697754, "q10-013.sql": 0.020687103271484375, "q10-014.sql": 0.020928144454956055, "q10-015.sql": 0.020295143127441406, "q10-016.sql": 0.020607709884643555, "q10-017.sql": 0.02008652687072754, "q10-018.sql": 0.020049571990966797, "q10-019.sql": 0.020447492599487305, "q10-020.sql": 0.02061629295349121, "q10-021.sql": 0.02024674415588379, "q10-022.sql": 0.020544767379760742, "q10-023.sql": 0.020102262496948242, "q10-024.sql": 0.020806550979614258, "q10-026.sql": 0.020602941513061523, "q10-027.sql": 0.020934104919433594, "q10-029.sql": 0.020781755447387695, "q10-030.sql": 0.020470142364501953, "q10-031.sql": 0.020752429962158203, "q10-032.sql": 0.020554542541503906, "q10-033.sql": 0.020122051239013672, "q10-034.sql": 0.02021932601928711, "q10-036.sql": 0.0205991268157959, "q10-037.sql": 0.020573854446411133, "q10-038.sql": 0.020552635192871094, "q10-039.sql": 0.02031850814819336, "q10-040.sql": 0.0204012393951416, "q10-042.sql": 0.020478487014770508, "q10-043.sql": 0.020858049392700195, "q10-044.sql": 0.020753145217895508, "q10-045.sql": 0.020403146743774414, "q10-046.sql": 0.02060413360595703, "q10-047.sql": 0.020473957061767578, "q10-048.sql": 0.02010035514831543, "q10-049.sql": 0.02029275894165039, "q10-050.sql": 0.020395517349243164, "q10-051.sql": 0.020574092864990234, "q10-052.sql": 0.020772695541381836, "q10-053.sql": 0.020693540573120117, "q10-054.sql": 0.020497560501098633, "q10-055.sql": 0.020451068878173828, "q10-056.sql": 0.020604610443115234, "q10-057.sql": 0.020867347717285156, "q10-058.sql": 0.02099776268005371, "q10-059.sql": 0.021061420440673828, "q10-060.sql": 0.020611047744750977, "q10-061.sql": 0.02048039436340332, "q10-062.sql": 0.02039623260498047, "q10-063.sql": 0.020607948303222656, "q10-064.sql": 0.020286083221435547, "q10-065.sql": 0.020524263381958008, "q10-066.sql": 0.020482778549194336, "q10-067.sql": 0.020919322967529297, "q10-068.sql": 0.020467519760131836, "q10-069.sql": 0.020301103591918945, "q10-071.sql": 0.01999640464782715, "q10-072.sql": 0.020287513732910156, "q10-073.sql": 0.021147727966308594, "q10-074.sql": 0.02094411849975586, "q10-075.sql": 0.020864248275756836, "q10-077.sql": 0.020661115646362305, "q10-078.sql": 0.02048015594482422, "q10-079.sql": 0.020644187927246094, "q10-080.sql": 0.02019977569580078, "q10-081.sql": 0.020702362060546875, "q10-082.sql": 0.02035236358642578, "q10-083.sql": 0.02068495750427246, "q10-085.sql": 0.0202634334564209, "q10-087.sql": 0.02053523063659668, "q10-088.sql": 0.020322799682617188, "q10-089.sql": 0.020591020584106445, "q10-090.sql": 0.020818233489990234, "q10-091.sql": 0.021039724349975586, "q10-092.sql": 0.020949363708496094, "q10-093.sql": 0.0206296443939209, "q10-094.sql": 0.020480632781982422, "q10-095.sql": 0.02120828628540039, "q10-096.sql": 0.020122766494750977, "q10-098.sql": 0.020567893981933594, "q10-099.sql": 0.020604372024536133}