{"10a.sql": 0.03412818908691406, "10b.sql": 0.034528255462646484, "11a.sql": 0.034883737564086914, "11b.sql": 0.03515744209289551, "11c.sql": 0.03475832939147949, "11d.sql": 0.0339052677154541, "12a.sql": 0.03422856330871582, "12b.sql": 0.034180402755737305, "12c.sql": 0.03410196304321289, "13a.sql": 0.03416085243225098, "13b.sql": 0.034578561782836914, "13c.sql": 0.03467440605163574, "13d.sql": 0.03534245491027832, "14a.sql": 0.03401827812194824, "14b.sql": 0.03425240516662598, "14c.sql": 0.03420901298522949, "15a.sql": 0.0340418815612793, "15b.sql": 0.03369927406311035, "15c.sql": 0.03479456901550293, "15d.sql": 0.03453421592712402, "16a.sql": 0.03503751754760742, "16b.sql": 0.03482961654663086, "16c.sql": 0.03420257568359375, "16d.sql": 0.03401374816894531, "17a.sql": 0.03508305549621582, "17b.sql": 0.03426241874694824, "17c.sql": 0.033501386642456055, "17f.sql": 0.18124866485595703, "18a.sql": 0.03377819061279297, "18b.sql": 0.03556466102600098, "18c.sql": 0.034366607666015625, "19a.sql": 0.03471708297729492, "19b.sql": 0.034301042556762695, "19d.sql": 0.035584449768066406, "1a.sql": 0.0354156494140625, "1b.sql": 0.03515172004699707, "1c.sql": 0.03413248062133789, "1d.sql": 0.035286664962768555, "20b.sql": 0.03449583053588867, "20c.sql": 0.03470921516418457, "21a.sql": 0.03487730026245117, "21c.sql": 0.034249067306518555, "22a.sql": 0.03521466255187988, "22b.sql": 0.035069942474365234, "22d.sql": 0.03435158729553223, "23a.sql": 0.034111738204956055, "23b.sql": 0.03426027297973633, "23c.sql": 0.03384590148925781, "24a.sql": 0.03408217430114746, "24b.sql": 0.034537553787231445, "25a.sql": 0.034089088439941406, "25b.sql": 0.03542947769165039, "25c.sql": 0.03423905372619629, "26a.sql": 0.034487009048461914, "26b.sql": 0.034236907958984375, "26c.sql": 0.03407096862792969, "27a.sql": 0.03435230255126953, "27b.sql": 0.034537315368652344, "27c.sql": 0.03371548652648926, "28a.sql": 0.03461408615112305, "28b.sql": 0.03473711013793945, "28c.sql": 0.034468889236450195, "29a.sql": 0.0338895320892334, "29b.sql": 0.034606218338012695, "29c.sql": 0.03477644920349121, "2a.sql": 0.03387260437011719, "2b.sql": 0.03464317321777344, "2c.sql": 0.03399944305419922, "2d.sql": 0.03487682342529297, "30a.sql": 0.03501749038696289, "30b.sql": 0.03403735160827637, "30c.sql": 0.03436636924743652, "31a.sql": 0.03453636169433594, "31b.sql": 0.03441190719604492, "31c.sql": 0.03391885757446289, "32b.sql": 0.03457069396972656, "33a.sql": 0.03375887870788574, "33b.sql": 0.035221099853515625, "33c.sql": 0.03535270690917969, "3a.sql": 0.03510761260986328, "3b.sql": 0.034401893615722656, "3c.sql": 0.03463935852050781, "4a.sql": 0.03412199020385742, "4b.sql": 0.034693241119384766, "4c.sql": 0.03512406349182129, "5b.sql": 0.03444695472717285, "5c.sql": 0.03535628318786621, "6a.sql": 0.034781694412231445, "6b.sql": 0.0345001220703125, "6c.sql": 0.03465390205383301, "6d.sql": 0.034563302993774414, "6e.sql": 0.034436941146850586, "7a.sql": 0.03471541404724121, "7b.sql": 0.03489851951599121, "7c.sql": 0.035223960876464844, "8a.sql": 0.03528785705566406, "8c.sql": 0.03460979461669922, "8d.sql": 0.03502774238586426, "9a.sql": 0.034912824630737305, "9b.sql": 0.034381866455078125, "9c.sql": 0.03500699996948242, "9d.sql": 0.03481149673461914}