{"10a.sql": 0.39893364906311035, "11b.sql": 0.03920102119445801, "11c.sql": 0.03652691841125488, "12b.sql": 0.08754491806030273, "14b.sql": 0.21067237854003906, "15b.sql": 0.0392458438873291, "15c.sql": 0.03811335563659668, "17a.sql": 0.036693572998046875, "17b.sql": 0.03601241111755371, "17e.sql": 0.03605318069458008, "18c.sql": 0.036304473876953125, "1a.sql": 0.036272525787353516, "20b.sql": 0.03587460517883301, "22a.sql": 0.03630256652832031, "22c.sql": 1.8333728313446045, "26c.sql": 1.8068981170654297, "27c.sql": 0.03906679153442383, "28a.sql": 0.9327270984649658, "28c.sql": 2.3084335327148438, "29a.sql": 0.1614246368408203, "30a.sql": 1.3171076774597168, "31b.sql": 0.03879690170288086, "31c.sql": 1.0895159244537354, "32b.sql": 0.3820645809173584, "33a.sql": 0.24062275886535645, "33c.sql": 0.2033398151397705, "3c.sql": 0.03719282150268555, "5b.sql": 0.14387822151184082, "6a.sql": 0.036802053451538086, "6b.sql": 1.5177192687988281, "6e.sql": 0.03700542449951172, "6f.sql": 0.0368955135345459, "8a.sql": 2.525287389755249, "8b.sql": 0.18549513816833496}