{"10a.sql": 0.03454399108886719, "10b.sql": 0.03425312042236328, "10c.sql": 0.03535032272338867, "11a.sql": 0.034879446029663086, "11b.sql": 0.034799814224243164, "11c.sql": 0.03429770469665527, "11d.sql": 0.03527188301086426, "12a.sql": 0.03457069396972656, "12b.sql": 0.0342864990234375, "12c.sql": 0.034400224685668945, "13a.sql": 0.03482627868652344, "13b.sql": 0.035169124603271484, "13c.sql": 0.03474593162536621, "13d.sql": 0.0338900089263916, "14a.sql": 0.03498959541320801, "14b.sql": 0.03496217727661133, "14c.sql": 0.03416013717651367, "15a.sql": 0.03456735610961914, "15b.sql": 0.03397655487060547, "15c.sql": 0.03501534461975098, "15d.sql": 0.03530740737915039, "16a.sql": 0.034515380859375, "16b.sql": 0.03418111801147461, "16c.sql": 0.035126447677612305, "17a.sql": 0.03440356254577637, "17b.sql": 0.0344393253326416, "17c.sql": 0.03470468521118164, "17d.sql": 0.034322261810302734, "17e.sql": 0.035248517990112305, "17f.sql": 0.03491783142089844, "18a.sql": 0.03421139717102051, "18b.sql": 0.03393745422363281, "18c.sql": 0.03443551063537598, "19b.sql": 0.03427600860595703, "19c.sql": 0.03430676460266113, "19d.sql": 0.03494524955749512, "1a.sql": 0.03486800193786621, "1b.sql": 0.03530287742614746, "1d.sql": 0.03429555892944336, "20a.sql": 0.03470492362976074, "20b.sql": 0.03439664840698242, "20c.sql": 0.03383326530456543, "21a.sql": 0.03456854820251465, "21b.sql": 0.03542017936706543, "21c.sql": 0.03461718559265137, "22a.sql": 0.03513336181640625, "22b.sql": 0.03570890426635742, "22c.sql": 0.034162282943725586, "22d.sql": 0.03421926498413086, "23a.sql": 0.03491616249084473, "23b.sql": 0.034401893615722656, "23c.sql": 0.03448009490966797, "24a.sql": 0.034987449645996094, "24b.sql": 0.034871816635131836, "25a.sql": 0.03504300117492676, "25b.sql": 0.035660505294799805, "25c.sql": 0.03467559814453125, "26a.sql": 0.03450417518615723, "26b.sql": 0.0344090461730957, "26c.sql": 0.03473949432373047, "27a.sql": 0.0363764762878418, "27b.sql": 0.035344839096069336, "27c.sql": 0.03578662872314453, "28a.sql": 0.03633308410644531, "28b.sql": 0.036510467529296875, "28c.sql": 0.035474538803100586, "29a.sql": 0.03534865379333496, "29b.sql": 0.03535795211791992, "29c.sql": 0.03532075881958008, "2a.sql": 0.03530240058898926, "2b.sql": 0.033470869064331055, "2c.sql": 0.03532099723815918, "2d.sql": 0.035060882568359375, "30a.sql": 0.03450179100036621, "30b.sql": 0.03422045707702637, "30c.sql": 0.034459829330444336, "31a.sql": 0.03423810005187988, "31b.sql": 0.03394770622253418, "31c.sql": 0.034761905670166016, "32a.sql": 0.034691810607910156, "33a.sql": 0.033750295639038086, "33c.sql": 0.034620046615600586, "3a.sql": 0.03388381004333496, "3b.sql": 0.03435325622558594, "3c.sql": 0.034271955490112305, "4a.sql": 0.03416132926940918, "4b.sql": 0.033035993576049805, "4c.sql": 0.034476518630981445, "5a.sql": 0.0351719856262207, "5c.sql": 0.03422355651855469, "6c.sql": 0.034528255462646484, "6d.sql": 0.17608976364135742, "6e.sql": 0.0349578857421875, "6f.sql": 0.2217245101928711, "7a.sql": 0.0345616340637207, "7b.sql": 0.0347139835357666, "7c.sql": 0.03481578826904297, "8b.sql": 0.03516387939453125, "8c.sql": 0.17415308952331543, "9a.sql": 0.03471779823303223, "9b.sql": 0.03391122817993164, "9c.sql": 0.03466796875}