{"10c.sql": 3.1722159385681152, "11b.sql": 0.03834819793701172, "11c.sql": 0.03619527816772461, "12a.sql": 0.6953747272491455, "13a.sql": 2.11704158782959, "13c.sql": 0.039755821228027344, "13d.sql": 7.038905143737793, "14a.sql": 0.4248478412628174, "14b.sql": 0.21040606498718262, "14c.sql": 1.6122024059295654, "15b.sql": 0.03862118721008301, "15c.sql": 0.036701202392578125, "15d.sql": 0.037145137786865234, "16d.sql": 1.1060926914215088, "17a.sql": 0.039147138595581055, "17b.sql": 0.03684282302856445, "17c.sql": 0.03709292411804199, "17e.sql": 0.03539752960205078, "18a.sql": 7.094298601150513, "19a.sql": 0.03946733474731445, "19b.sql": 0.15184259414672852, "19d.sql": 7.335326671600342, "1b.sql": 0.0863344669342041, "1d.sql": 0.08348989486694336, "20b.sql": 0.03734612464904785, "21c.sql": 0.03636980056762695, "22d.sql": 2.542436361312866, "23b.sql": 0.03996133804321289, "23c.sql": 0.3593015670776367, "26a.sql": 0.8029446601867676, "26b.sql": 0.2424149513244629, "27a.sql": 0.038573503494262695, "27b.sql": 0.10078048706054688, "28b.sql": 0.5131368637084961, "28c.sql": 2.102397918701172, "29b.sql": 0.3380777835845947, "2c.sql": 0.03798794746398926, "2d.sql": 0.0372467041015625, "30a.sql": 7.938490867614746, "30b.sql": 0.3677380084991455, "31a.sql": 2.4811549186706543, "31b.sql": 0.03863883018493652, "31c.sql": 3.0626680850982666, "32a.sql": 0.185103178024292, "32b.sql": 0.18718171119689941, "33a.sql": 0.1235816478729248, "3b.sql": 0.17337775230407715, "3c.sql": 0.03940916061401367, "4b.sql": 0.1699233055114746, "4c.sql": 0.18173718452453613, "6a.sql": 0.07305121421813965, "6c.sql": 0.03843259811401367, "7a.sql": 0.9615440368652344, "8b.sql": 0.3887596130371094, "8c.sql": 2.9479970932006836, "8d.sql": 2.424791097640991, "9a.sql": 0.25226473808288574}