{"10a.sql": 0.03406882286071777, "10b.sql": 0.03544974327087402, "11a.sql": 0.03461456298828125, "11b.sql": 0.03533768653869629, "11c.sql": 0.03540635108947754, "11d.sql": 0.034375905990600586, "12a.sql": 0.03460049629211426, "12b.sql": 0.03398323059082031, "12c.sql": 0.03457808494567871, "13a.sql": 0.03487730026245117, "13b.sql": 0.03471970558166504, "13c.sql": 0.03526568412780762, "13d.sql": 0.03545498847961426, "14b.sql": 0.03423643112182617, "14c.sql": 0.03474545478820801, "15c.sql": 0.035947322845458984, "16a.sql": 0.03385758399963379, "16b.sql": 0.03432631492614746, "16c.sql": 0.03424549102783203, "16d.sql": 0.03402519226074219, "17a.sql": 0.035590171813964844, "17b.sql": 0.03530454635620117, "17c.sql": 0.03406929969787598, "17f.sql": 0.17484712600708008, "18a.sql": 0.03399801254272461, "18b.sql": 0.03539156913757324, "18c.sql": 0.034012794494628906, "19b.sql": 0.035369157791137695, "19d.sql": 0.17757058143615723, "1a.sql": 0.03486227989196777, "1b.sql": 0.03539323806762695, "1d.sql": 0.03515815734863281, "20c.sql": 0.17405462265014648, "21a.sql": 0.03449678421020508, "21c.sql": 0.03485441207885742, "22a.sql": 0.1773679256439209, "22b.sql": 0.03490138053894043, "23a.sql": 0.03485703468322754, "23b.sql": 0.0348353385925293, "23c.sql": 0.03571009635925293, "24a.sql": 0.03499555587768555, "24b.sql": 0.034700632095336914, "25a.sql": 0.0343775749206543, "25b.sql": 0.03443479537963867, "25c.sql": 0.03457498550415039, "26a.sql": 0.034226179122924805, "26c.sql": 0.034253597259521484, "27a.sql": 0.034873247146606445, "27b.sql": 0.0353693962097168, "28a.sql": 0.03481936454772949, "28b.sql": 0.03462958335876465, "29a.sql": 0.034653663635253906, "29c.sql": 0.03400778770446777, "2a.sql": 0.033824920654296875, "2b.sql": 0.03487110137939453, "2c.sql": 0.03502082824707031, "2d.sql": 0.035117149353027344, "30a.sql": 0.03533196449279785, "30b.sql": 0.03441977500915527, "31b.sql": 0.03432202339172363, "31c.sql": 0.03470420837402344, "32b.sql": 0.034117698669433594, "33a.sql": 0.03490471839904785, "33b.sql": 0.03451895713806152, "3a.sql": 0.03464865684509277, "3c.sql": 0.035479068756103516, "4a.sql": 0.034698486328125, "4b.sql": 0.03472018241882324, "5c.sql": 0.035326480865478516, "6a.sql": 2.679321527481079, "6b.sql": 0.03609275817871094, "6e.sql": 0.03462553024291992, "7a.sql": 0.03408336639404297, "7c.sql": 0.034995317459106445, "8c.sql": 1.195486068725586, "8d.sql": 0.035565853118896484, "9a.sql": 0.034931182861328125, "9b.sql": 0.03562736511230469, "9c.sql": 0.03417778015136719, "9d.sql": 0.03417038917541504}