{"11a.sql": 0.035491228103637695, "12a.sql": 0.034806013107299805, "12c.sql": 0.03543591499328613, "13b.sql": 0.03554654121398926, "13d.sql": 0.07610082626342773, "15c.sql": 0.03541684150695801, "16a.sql": 0.0353693962097168, "16b.sql": 0.035405874252319336, "16d.sql": 0.03535795211791992, "17b.sql": 0.035961151123046875, "21a.sql": 0.03535127639770508, "24a.sql": 0.03449082374572754, "25a.sql": 0.03551936149597168, "26c.sql": 0.17792296409606934, "27a.sql": 0.03517961502075195, "27b.sql": 0.035391807556152344, "2a.sql": 0.1809096336364746, "30b.sql": 0.03564047813415527, "33a.sql": 0.03520560264587402, "4a.sql": 0.03406834602355957, "4b.sql": 0.03472185134887695, "5c.sql": 0.034270286560058594, "9b.sql": 0.034438371658325195}