{"q10-001.sql": 0.020949840545654297, "q10-002.sql": 0.020595073699951172, "q10-003.sql": 0.02104353904724121, "q10-004.sql": 0.021149635314941406, "q10-005.sql": 0.020847082138061523, "q10-006.sql": 0.020673274993896484, "q10-007.sql": 0.020566940307617188, "q10-008.sql": 0.02060675621032715, "q10-009.sql": 0.02095937728881836, "q10-010.sql": 0.02076268196105957, "q10-011.sql": 0.020793676376342773, "q10-012.sql": 0.02056288719177246, "q10-013.sql": 0.020774126052856445, "q10-014.sql": 0.02088022232055664, "q10-015.sql": 0.02049732208251953, "q10-016.sql": 0.020979642868041992, "q10-017.sql": 0.02089071273803711, "q10-018.sql": 0.020955562591552734, "q10-019.sql": 0.020986318588256836, "q10-020.sql": 0.020505666732788086, "q10-021.sql": 0.020737171173095703, "q10-022.sql": 0.0205538272857666, "q10-023.sql": 0.020740509033203125, "q10-024.sql": 0.020689010620117188, "q10-026.sql": 0.02011418342590332, "q10-027.sql": 0.020156145095825195, "q10-029.sql": 0.020540237426757812, "q10-030.sql": 0.020444869995117188, "q10-031.sql": 0.020531892776489258, "q10-032.sql": 0.020380020141601562, "q10-033.sql": 0.02052593231201172, "q10-034.sql": 0.020838260650634766, "q10-036.sql": 0.0208437442779541, "q10-037.sql": 0.020625591278076172, "q10-038.sql": 0.02028799057006836, "q10-039.sql": 0.020437002182006836, "q10-040.sql": 0.020411014556884766, "q10-042.sql": 0.020435810089111328, "q10-043.sql": 0.02019476890563965, "q10-044.sql": 0.02079153060913086, "q10-045.sql": 0.0204622745513916, "q10-046.sql": 0.020145654678344727, "q10-047.sql": 0.02081751823425293, "q10-048.sql": 0.020188093185424805, "q10-049.sql": 0.020206689834594727, "q10-050.sql": 0.020595073699951172, "q10-051.sql": 0.02043771743774414, "q10-052.sql": 0.020702600479125977, "q10-053.sql": 0.020450353622436523, "q10-054.sql": 0.020515918731689453, "q10-055.sql": 0.020823001861572266, "q10-056.sql": 0.020308494567871094, "q10-057.sql": 0.020807504653930664, "q10-058.sql": 0.020072221755981445, "q10-059.sql": 0.020455121994018555, "q10-060.sql": 0.020582914352416992, "q10-061.sql": 0.0205080509185791, "q10-062.sql": 0.02066516876220703, "q10-063.sql": 0.020366191864013672, "q10-064.sql": 0.020816564559936523, "q10-065.sql": 0.020646333694458008, "q10-066.sql": 0.020832061767578125, "q10-067.sql": 0.020858287811279297, "q10-068.sql": 0.02060675621032715, "q10-069.sql": 0.02035999298095703, "q10-071.sql": 0.02039313316345215, "q10-072.sql": 0.02063441276550293, "q10-073.sql": 0.020514965057373047, "q10-074.sql": 0.020802021026611328, "q10-075.sql": 0.020525217056274414, "q10-077.sql": 0.020291805267333984, "q10-078.sql": 0.020908355712890625, "q10-079.sql": 0.020502567291259766, "q10-080.sql": 0.02085137367248535, "q10-081.sql": 0.02088332176208496, "q10-082.sql": 0.020640134811401367, "q10-083.sql": 0.020949840545654297, "q10-085.sql": 0.021179914474487305, "q10-087.sql": 0.020540952682495117, "q10-088.sql": 0.02087235450744629, "q10-089.sql": 0.021047592163085938, "q10-090.sql": 0.020914077758789062, "q10-091.sql": 0.021161794662475586, "q10-092.sql": 0.020873546600341797, "q10-093.sql": 0.021023988723754883, "q10-094.sql": 0.020909786224365234, "q10-095.sql": 0.020926237106323242, "q10-096.sql": 0.021026134490966797, "q10-098.sql": 0.02090764045715332, "q10-099.sql": 0.02068781852722168}