{"11c.sql": 0.03476285934448242, "12a.sql": 0.03390860557556152, "12b.sql": 0.0345454216003418, "13a.sql": 0.03481602668762207, "13c.sql": 0.03482937812805176, "15c.sql": 0.0339808464050293, "17a.sql": 0.03547525405883789, "17f.sql": 0.034676551818847656, "1a.sql": 0.18164730072021484, "21a.sql": 0.034871578216552734, "22a.sql": 0.17681431770324707, "22b.sql": 0.03503823280334473, "23c.sql": 0.17989182472229004, "24b.sql": 0.03421902656555176, "26c.sql": 0.1749889850616455, "27a.sql": 0.03422284126281738, "29c.sql": 0.17815351486206055, "31a.sql": 0.17799639701843262, "32a.sql": 0.033616065979003906, "3c.sql": 0.03439831733703613, "4c.sql": 0.17563343048095703, "6f.sql": 0.2810680866241455, "8c.sql": 0.22460627555847168}