{"10b.sql": 0.03501105308532715, "10c.sql": 0.03521537780761719, "11a.sql": 0.0353856086730957, "12b.sql": 0.035143375396728516, "12c.sql": 0.03455924987792969, "13a.sql": 0.034180402755737305, "13c.sql": 0.03511548042297363, "13d.sql": 0.034446001052856445, "14c.sql": 0.17789387702941895, "15b.sql": 0.034371137619018555, "15d.sql": 0.17659735679626465, "16c.sql": 0.03399991989135742, "17a.sql": 0.0349581241607666, "17c.sql": 0.034706830978393555, "17d.sql": 0.17647933959960938, "17e.sql": 0.2216784954071045, "18a.sql": 0.03339409828186035, "18c.sql": 0.035387277603149414, "19a.sql": 0.03497171401977539, "19b.sql": 0.034657955169677734, "19c.sql": 0.03493022918701172, "1b.sql": 0.034630775451660156, "1c.sql": 1.0788898468017578, "20a.sql": 0.035124778747558594, "20b.sql": 0.03514599800109863, "21a.sql": 0.03462696075439453, "21c.sql": 0.03442096710205078, "22a.sql": 0.034894466400146484, "22b.sql": 0.03387331962585449, "22d.sql": 0.034189462661743164, "23b.sql": 0.03518557548522949, "23c.sql": 0.03493499755859375, "24a.sql": 0.03456878662109375, "25a.sql": 0.03487443923950195, "25b.sql": 0.03398013114929199, "25c.sql": 0.0345759391784668, "27a.sql": 0.034702301025390625, "27b.sql": 0.034426212310791016, "28a.sql": 0.034069061279296875, "28b.sql": 0.03516697883605957, "28c.sql": 0.034800052642822266, "29a.sql": 0.03446459770202637, "29c.sql": 0.034616708755493164, "2a.sql": 0.03450751304626465, "2d.sql": 0.03429985046386719, "30a.sql": 0.17697811126708984, "31b.sql": 0.03395724296569824, "31c.sql": 0.03426027297973633, "32b.sql": 0.0336756706237793, "33c.sql": 0.03501152992248535, "3b.sql": 0.035459041595458984, "4a.sql": 0.035295724868774414, "4c.sql": 0.035620689392089844, "5a.sql": 0.03559732437133789, "5b.sql": 0.03535652160644531, "5c.sql": 0.03517746925354004, "6a.sql": 0.035489559173583984, "6c.sql": 0.03528547286987305, "6e.sql": 0.035640716552734375, "6f.sql": 0.1808006763458252, "7a.sql": 0.034966468811035156, "7b.sql": 0.03538990020751953, "7c.sql": 0.0356602668762207, "8c.sql": 1.1804547309875488, "8d.sql": 0.03509068489074707, "9a.sql": 0.03403186798095703, "9b.sql": 0.03432416915893555, "9c.sql": 0.03561687469482422}