{"11c.sql": 0.03668045997619629, "12a.sql": 0.7076032161712646, "12b.sql": 0.038779258728027344, "13a.sql": 0.03699898719787598, "13c.sql": 0.03597140312194824, "15c.sql": 0.035711050033569336, "17a.sql": 0.036572933197021484, "17f.sql": 0.03587508201599121, "1a.sql": 0.0370330810546875, "21a.sql": 0.12484240531921387, "22a.sql": 1.3240165710449219, "22b.sql": 1.3228390216827393, "23c.sql": 0.35721254348754883, "24b.sql": 0.03924131393432617, "26c.sql": 1.8138110637664795, "27a.sql": 0.03985428810119629, "29c.sql": 0.4578678607940674, "31a.sql": 0.03925490379333496, "32a.sql": 0.08281993865966797, "3c.sql": 0.037201881408691406, "4c.sql": 0.18234777450561523, "6f.sql": 0.03804349899291992, "8c.sql": 0.03697800636291504}