{"q10-001.sql": 0.021687984466552734, "q10-002.sql": 0.021180152893066406, "q10-003.sql": 0.020445585250854492, "q10-004.sql": 0.02092599868774414, "q10-005.sql": 0.020662307739257812, "q10-006.sql": 0.020549297332763672, "q10-007.sql": 0.02050185203552246, "q10-008.sql": 0.020686864852905273, "q10-009.sql": 0.0203857421875, "q10-010.sql": 0.020603418350219727, "q10-011.sql": 0.020538330078125, "q10-012.sql": 0.020700454711914062, "q10-013.sql": 0.02063608169555664, "q10-014.sql": 0.020865678787231445, "q10-015.sql": 0.020621299743652344, "q10-016.sql": 0.020975828170776367, "q10-017.sql": 0.02044367790222168, "q10-018.sql": 0.02055215835571289, "q10-019.sql": 0.020746707916259766, "q10-020.sql": 0.020665645599365234, "q10-021.sql": 0.02075648307800293, "q10-022.sql": 0.020466089248657227, "q10-023.sql": 0.02056884765625, "q10-024.sql": 0.02058267593383789, "q10-026.sql": 0.02066969871520996, "q10-027.sql": 0.02060532569885254, "q10-029.sql": 0.020508527755737305, "q10-030.sql": 0.02062535285949707, "q10-031.sql": 0.020998001098632812, "q10-032.sql": 0.021112442016601562, "q10-033.sql": 0.02088761329650879, "q10-034.sql": 0.02041769027709961, "q10-036.sql": 0.020308256149291992, "q10-037.sql": 0.020414352416992188, "q10-038.sql": 0.02050614356994629, "q10-039.sql": 0.021010398864746094, "q10-040.sql": 0.020563602447509766, "q10-042.sql": 0.02047419548034668, "q10-043.sql": 0.020568370819091797, "q10-044.sql": 0.019969940185546875, "q10-045.sql": 0.020786762237548828, "q10-046.sql": 0.020700931549072266, "q10-047.sql": 0.0210111141204834, "q10-048.sql": 0.020468950271606445, "q10-049.sql": 0.020766496658325195, "q10-050.sql": 0.020303964614868164, "q10-051.sql": 0.020418167114257812, "q10-052.sql": 0.020555734634399414, "q10-053.sql": 0.02027153968811035, "q10-054.sql": 0.02065443992614746, "q10-055.sql": 0.020508766174316406, "q10-056.sql": 0.020917892456054688, "q10-057.sql": 0.020425081253051758, "q10-058.sql": 0.020313501358032227, "q10-059.sql": 0.020853757858276367, "q10-060.sql": 0.020321369171142578, "q10-061.sql": 0.02087259292602539, "q10-062.sql": 0.02100682258605957, "q10-063.sql": 0.020835399627685547, "q10-064.sql": 0.02090620994567871, "q10-065.sql": 0.019997358322143555, "q10-066.sql": 0.02052450180053711, "q10-067.sql": 0.02024054527282715, "q10-068.sql": 0.020630598068237305, "q10-069.sql": 0.0208590030670166, "q10-071.sql": 0.020570993423461914, "q10-072.sql": 0.02060246467590332, "q10-073.sql": 0.02053689956665039, "q10-074.sql": 0.02027130126953125, "q10-075.sql": 0.02069091796875, "q10-077.sql": 0.020078420639038086, "q10-078.sql": 0.020730018615722656, "q10-079.sql": 0.02034282684326172, "q10-080.sql": 0.020608186721801758, "q10-081.sql": 0.020709991455078125, "q10-082.sql": 0.020511627197265625, "q10-083.sql": 0.020360231399536133, "q10-085.sql": 0.020458698272705078, "q10-087.sql": 0.020188570022583008, "q10-088.sql": 0.020328998565673828, "q10-089.sql": 0.020499467849731445, "q10-090.sql": 0.02004384994506836, "q10-091.sql": 0.019897937774658203, "q10-092.sql": 0.02008676528930664, "q10-093.sql": 0.020273208618164062, "q10-094.sql": 0.020467281341552734, "q10-095.sql": 0.0206143856048584, "q10-096.sql": 0.020664691925048828, "q10-098.sql": 0.020555973052978516, "q10-099.sql": 0.02021932601928711}