{"10c.sql": 4.489159822463989, "11b.sql": 0.03921675682067871, "11c.sql": 0.2463822364807129, "11d.sql": 0.22530055046081543, "12a.sql": 0.6997020244598389, "13a.sql": 2.1416878700256348, "13b.sql": 0.9417736530303955, "13c.sql": 0.9044454097747803, "13d.sql": 4.466319799423218, "14a.sql": 0.42699360847473145, "14b.sql": 0.2130429744720459, "14c.sql": 1.608675241470337, "15a.sql": 0.3950159549713135, "15b.sql": 0.08862900733947754, "15c.sql": 0.03662705421447754, "15d.sql": 0.03699350357055664, "16b.sql": 2.109882354736328, "16c.sql": 0.038231611251831055, "16d.sql": 1.1310343742370605, "17a.sql": 0.03782486915588379, "17b.sql": 5.393522500991821, "17c.sql": 5.44326376914978, "17d.sql": 2.3584694862365723, "17e.sql": 0.03756880760192871, "18a.sql": 1.9671943187713623, "18b.sql": 0.03699493408203125, "18c.sql": 0.036518096923828125, "19a.sql": 0.03527712821960449, "19b.sql": 3.0373597145080566, "19d.sql": 5.51798677444458, "1b.sql": 0.04001784324645996, "1c.sql": 0.03593730926513672, "1d.sql": 0.035442352294921875, "20a.sql": 1.6266558170318604, "20b.sql": 0.03780198097229004, "21a.sql": 0.1414029598236084, "21c.sql": 0.037148237228393555, "22a.sql": 0.03592634201049805, "22d.sql": 2.457204580307007, "23b.sql": 0.14099836349487305, "23c.sql": 0.03708076477050781, "25c.sql": 2.7703568935394287, "26a.sql": 2.325850009918213, "26b.sql": 0.24309611320495605, "26c.sql": 1.7989771366119385, "27a.sql": 0.13586020469665527, "27b.sql": 0.10582756996154785, "27c.sql": 0.16362786293029785, "28b.sql": 0.7396929264068604, "28c.sql": 2.0937719345092773, "29b.sql": 0.039092302322387695, "29c.sql": 0.4649975299835205, "2c.sql": 0.038596391677856445, "2d.sql": 0.037497758865356445, "30a.sql": 2.4863152503967285, "30b.sql": 2.466244697570801, "30c.sql": 2.895611524581909, "31a.sql": 2.513253927230835, "31b.sql": 2.486837148666382, "31c.sql": 6.022786378860474, "32a.sql": 0.18021559715270996, "32b.sql": 0.18822956085205078, "33a.sql": 0.24216151237487793, "33c.sql": 0.035851478576660156, "3b.sql": 0.1747603416442871, "3c.sql": 0.037863969802856445, "4b.sql": 0.16951227188110352, "4c.sql": 0.18132638931274414, "5a.sql": 0.14963650703430176, "6a.sql": 0.03653073310852051, "6b.sql": 1.516538381576538, "6c.sql": 0.038244009017944336, "6d.sql": 1.4280564785003662, "7a.sql": 0.9621255397796631, "7b.sql": 1.5610270500183105, "8b.sql": 0.389362096786499, "8c.sql": 0.037650108337402344, "8d.sql": 0.03621721267700195, "9a.sql": 0.25348663330078125, "9b.sql": 0.037277936935424805}