{"11c.sql": 0.034656524658203125, "12a.sql": 0.03455996513366699, "12b.sql": 0.03390765190124512, "12c.sql": 0.03468489646911621, "13a.sql": 0.03436875343322754, "13c.sql": 0.0345606803894043, "15a.sql": 0.17842411994934082, "15c.sql": 0.035665273666381836, "16a.sql": 0.03447151184082031, "17a.sql": 0.034896135330200195, "17d.sql": 0.19250893592834473, "17f.sql": 0.03576087951660156, "18c.sql": 0.17645978927612305, "1a.sql": 0.07577896118164062, "1d.sql": 0.03627967834472656, "21a.sql": 0.03597617149353027, "22a.sql": 0.17681360244750977, "22b.sql": 0.03569936752319336, "23a.sql": 0.03519773483276367, "23c.sql": 0.0345921516418457, "24b.sql": 0.034677982330322266, "26b.sql": 0.034670352935791016, "26c.sql": 0.03465628623962402, "27a.sql": 0.03477072715759277, "29b.sql": 0.03474545478820801, "29c.sql": 0.03516268730163574, "2b.sql": 0.17743968963623047, "2c.sql": 0.03545832633972168, "31a.sql": 0.03502011299133301, "31b.sql": 0.034960031509399414, "31c.sql": 0.03522205352783203, "32a.sql": 0.034827232360839844, "33a.sql": 0.03561758995056152, "33c.sql": 0.03550386428833008, "3b.sql": 0.0350804328918457, "3c.sql": 0.03550076484680176, "4a.sql": 0.03523397445678711, "4c.sql": 0.03525090217590332, "5a.sql": 0.1752941608428955, "6c.sql": 0.035340309143066406, "6d.sql": 0.1777653694152832, "6e.sql": 0.0359654426574707, "6f.sql": 0.21785306930541992, "7c.sql": 1.1829931735992432, "8c.sql": 0.22493982315063477, "9b.sql": 0.035121917724609375}