{"10b.sql": 0.03626370429992676, "10c.sql": 6.664183855056763, "11a.sql": 0.13142848014831543, "12b.sql": 0.037566423416137695, "12c.sql": 1.964090347290039, "13a.sql": 2.123727560043335, "13c.sql": 0.03882169723510742, "13d.sql": 3.2980740070343018, "14c.sql": 1.6230504512786865, "15b.sql": 0.03769659996032715, "15d.sql": 0.5869293212890625, "16c.sql": 1.372196912765503, "17a.sql": 0.03774452209472656, "17c.sql": 0.03621983528137207, "17d.sql": 0.03667497634887695, "17e.sql": 0.035334110260009766, "18a.sql": 6.723494291305542, "18c.sql": 6.853172063827515, "19a.sql": 0.27842259407043457, "19b.sql": 0.1538560390472412, "19c.sql": 2.76363468170166, "1b.sql": 0.038544654846191406, "1c.sql": 0.03707075119018555, "20a.sql": 6.948809385299683, "20b.sql": 0.04064011573791504, "21a.sql": 0.14360475540161133, "21c.sql": 0.12729549407958984, "22a.sql": 0.7137165069580078, "22b.sql": 0.5370650291442871, "22d.sql": 2.4561784267425537, "23b.sql": 0.1417078971862793, "23c.sql": 0.35645318031311035, "24a.sql": 2.7033584117889404, "25a.sql": 2.318394899368286, "25b.sql": 6.915022611618042, "25c.sql": 7.1026599407196045, "27a.sql": 0.0392758846282959, "27b.sql": 0.09971261024475098, "28a.sql": 1.8568663597106934, "28b.sql": 0.8274569511413574, "28c.sql": 1.8313205242156982, "29a.sql": 0.24114561080932617, "29c.sql": 0.03808093070983887, "2a.sql": 0.4255049228668213, "2d.sql": 0.03844857215881348, "30a.sql": 1.3283131122589111, "31b.sql": 0.0395505428314209, "31c.sql": 1.099543809890747, "32b.sql": 0.21256399154663086, "33c.sql": 0.2028970718383789, "3b.sql": 0.03808164596557617, "4a.sql": 0.1984999179840088, "4c.sql": 0.20663928985595703, "5a.sql": 0.15087556838989258, "5b.sql": 0.14325356483459473, "5c.sql": 0.25780701637268066, "6a.sql": 0.10025715827941895, "6c.sql": 0.03820919990539551, "6e.sql": 1.3701419830322266, "6f.sql": 0.037381649017333984, "7a.sql": 0.9564719200134277, "7b.sql": 1.5656988620758057, "7c.sql": 2.4087088108062744, "8c.sql": 2.959583044052124, "8d.sql": 0.03737378120422363, "9a.sql": 0.2607555389404297, "9b.sql": 1.5065758228302002, "9c.sql": 0.0376889705657959}