{"10a.sql": 0.034535884857177734, "10b.sql": 0.034760475158691406, "10c.sql": 0.1756281852722168, "11a.sql": 0.03574991226196289, "11b.sql": 0.034223318099975586, "11c.sql": 0.03432631492614746, "11d.sql": 0.03443479537963867, "12a.sql": 0.03410911560058594, "12b.sql": 0.0341792106628418, "12c.sql": 0.03510475158691406, "13a.sql": 0.034781694412231445, "13b.sql": 0.034204959869384766, "13c.sql": 0.03448200225830078, "13d.sql": 0.07397937774658203, "14a.sql": 0.03487825393676758, "14b.sql": 0.03463125228881836, "14c.sql": 0.03428244590759277, "15a.sql": 0.0351409912109375, "15b.sql": 0.03469657897949219, "15c.sql": 0.034746408462524414, "15d.sql": 0.22333478927612305, "16a.sql": 0.03545737266540527, "16b.sql": 0.17556071281433105, "16c.sql": 0.03403186798095703, "16d.sql": 0.034026145935058594, "17a.sql": 0.035152435302734375, "17b.sql": 0.03388571739196777, "17c.sql": 0.0348353385925293, "17d.sql": 0.0345005989074707, "17e.sql": 0.24159884452819824, "17f.sql": 0.03478646278381348, "18a.sql": 0.034037113189697266, "18b.sql": 0.034171104431152344, "18c.sql": 0.17612767219543457, "19a.sql": 0.03459644317626953, "19b.sql": 0.03481411933898926, "19c.sql": 0.03421497344970703, "19d.sql": 0.22459793090820312, "1a.sql": 0.0344691276550293, "1b.sql": 0.03378725051879883, "1c.sql": 0.03372836112976074, "1d.sql": 0.03385472297668457, "20a.sql": 0.03379249572753906, "20b.sql": 0.17789697647094727, "20c.sql": 0.033769845962524414, "21a.sql": 0.033854007720947266, "21b.sql": 0.03336691856384277, "21c.sql": 0.03344225883483887, "22a.sql": 0.034462690353393555, "22b.sql": 0.03500056266784668, "22c.sql": 0.2714993953704834, "22d.sql": 0.036881208419799805, "23a.sql": 0.034166574478149414, "23b.sql": 0.035016775131225586, "23c.sql": 0.03438591957092285, "24a.sql": 0.03476881980895996, "24b.sql": 0.035216569900512695, "25a.sql": 0.034342288970947266, "25b.sql": 0.034270286560058594, "25c.sql": 0.17702746391296387, "26a.sql": 0.03406882286071777, "26b.sql": 0.03440546989440918, "26c.sql": 0.17539095878601074, "27a.sql": 0.034598350524902344, "27b.sql": 0.1751101016998291, "27c.sql": 0.03554844856262207, "28a.sql": 0.033674001693725586, "28b.sql": 0.0348055362701416, "28c.sql": 0.034223079681396484, "29a.sql": 0.034243106842041016, "29b.sql": 0.0348663330078125, "29c.sql": 0.03412938117980957, "2a.sql": 0.03453207015991211, "2b.sql": 0.03485512733459473, "2c.sql": 0.03493237495422363, "2d.sql": 0.03505992889404297, "30a.sql": 0.17580866813659668, "30b.sql": 0.03496909141540527, "30c.sql": 0.17690277099609375, "31a.sql": 0.1824204921722412, "31b.sql": 0.03541994094848633, "31c.sql": 0.03472614288330078, "32a.sql": 0.03413081169128418, "32b.sql": 0.03466629981994629, "33a.sql": 0.034356117248535156, "33b.sql": 0.03421187400817871, "33c.sql": 0.03497815132141113, "3a.sql": 0.03482174873352051, "3b.sql": 0.034295082092285156, "3c.sql": 0.036469221115112305, "4a.sql": 0.03478550910949707, "4b.sql": 0.03416299819946289, "4c.sql": 0.03489184379577637, "5a.sql": 0.03449583053588867, "5b.sql": 0.03396320343017578, "5c.sql": 0.03504538536071777, "6a.sql": 0.0348055362701416, "6b.sql": 0.0344085693359375, "6c.sql": 0.034552812576293945, "6d.sql": 0.034488677978515625, "6e.sql": 0.03396415710449219, "6f.sql": 0.2806265354156494, "7a.sql": 0.0347905158996582, "7b.sql": 0.033765554428100586, "7c.sql": 0.17950081825256348, "8a.sql": 0.03395700454711914, "8b.sql": 0.03411436080932617, "8c.sql": 0.2249612808227539, "8d.sql": 0.034967899322509766, "9a.sql": 0.034412384033203125, "9b.sql": 0.03463101387023926, "9c.sql": 0.034137725830078125, "9d.sql": 0.22268319129943848}