{"10b.sql": 0.03709602355957031, "11a.sql": 0.10688114166259766, "11b.sql": 0.09598040580749512, "11c.sql": 0.2502577304840088, "11d.sql": 0.22264814376831055, "12a.sql": 0.384371280670166, "12c.sql": 0.8485932350158691, "13b.sql": 0.03862953186035156, "13d.sql": 0.03673267364501953, "14b.sql": 0.23057246208190918, "14c.sql": 0.7365889549255371, "15c.sql": 0.0392301082611084, "16a.sql": 1.9916746616363525, "16b.sql": 3.1790719032287598, "16c.sql": 2.5812783241271973, "16d.sql": 2.5060524940490723, "17a.sql": 0.038506269454956055, "17b.sql": 0.036734819412231445, "17c.sql": 0.03601861000061035, "17f.sql": 2.334914445877075, "18a.sql": 6.271282911300659, "18c.sql": 6.414885520935059, "19d.sql": 6.5250403881073, "1a.sql": 0.2841148376464844, "1d.sql": 0.035857439041137695, "20c.sql": 2.289513111114502, "21a.sql": 0.12721729278564453, "22a.sql": 0.7073783874511719, "22b.sql": 0.5393245220184326, "24a.sql": 2.6885392665863037, "24b.sql": 0.03837418556213379, "25a.sql": 2.358412742614746, "25c.sql": 2.7741127014160156, "26a.sql": 0.038384199142456055, "26c.sql": 2.5141801834106445, "27a.sql": 0.038997650146484375, "27b.sql": 0.10184025764465332, "29a.sql": 0.2311689853668213, "29c.sql": 0.7658758163452148, "2a.sql": 0.42117834091186523, "2b.sql": 0.03774547576904297, "2d.sql": 0.03708815574645996, "30a.sql": 7.275069236755371, "30b.sql": 0.36870455741882324, "31b.sql": 0.0387263298034668, "31c.sql": 1.0856857299804688, "33a.sql": 0.12497305870056152, "33b.sql": 0.11913418769836426, "3a.sql": 0.03676748275756836, "4a.sql": 0.03628206253051758, "4b.sql": 0.16977620124816895, "5c.sql": 0.03826308250427246, "6b.sql": 0.34074878692626953, "8d.sql": 0.03933453559875488, "9a.sql": 0.25777745246887207, "9b.sql": 0.0380709171295166, "9c.sql": 0.03740978240966797}