{"10a.sql": 0.7092397212982178, "10b.sql": 0.20943713188171387, "11b.sql": 0.037322044372558594, "11c.sql": 0.2467212677001953, "11d.sql": 0.22391486167907715, "12a.sql": 0.6968884468078613, "12b.sql": 0.1729135513305664, "12c.sql": 0.8478755950927734, "13a.sql": 2.1363370418548584, "13c.sql": 0.03798985481262207, "13d.sql": 4.189253807067871, "14a.sql": 0.44945549964904785, "14c.sql": 0.7325174808502197, "15a.sql": 0.3971400260925293, "15b.sql": 0.08837294578552246, "15c.sql": 0.03684210777282715, "16a.sql": 0.2713284492492676, "16b.sql": 1.7453689575195312, "17a.sql": 0.037004709243774414, "17d.sql": 2.290801525115967, "17e.sql": 0.037148475646972656, "17f.sql": 0.036443471908569336, "18a.sql": 5.200679302215576, "18c.sql": 0.0393218994140625, "19b.sql": 3.051863431930542, "19d.sql": 5.390241622924805, "1a.sql": 0.2841613292694092, "1d.sql": 0.037145137786865234, "20a.sql": 3.030334949493408, "20b.sql": 2.227689027786255, "20c.sql": 1.2362573146820068, "21a.sql": 0.16584086418151855, "21c.sql": 0.13790035247802734, "22a.sql": 0.7099394798278809, "22b.sql": 0.5401215553283691, "22c.sql": 1.833216905593872, "22d.sql": 0.03766489028930664, "23a.sql": 0.24811482429504395, "23b.sql": 0.14083409309387207, "23c.sql": 0.35930490493774414, "24a.sql": 2.70414137840271, "24b.sql": 0.1599888801574707, "25a.sql": 2.3869473934173584, "25c.sql": 5.861964702606201, "26a.sql": 0.0399627685546875, "26b.sql": 0.03697490692138672, "26c.sql": 0.03664827346801758, "27a.sql": 0.03496241569519043, "27c.sql": 0.16241073608398438, "28a.sql": 1.3818895816802979, "28c.sql": 2.3190975189208984, "29b.sql": 0.03894233703613281, "29c.sql": 0.45851969718933105, "2a.sql": 0.41320252418518066, "2b.sql": 0.03750801086425781, "2c.sql": 0.03684258460998535, "30b.sql": 0.3656156063079834, "31a.sql": 2.4964370727539062, "31b.sql": 0.3566596508026123, "31c.sql": 2.945958137512207, "32a.sql": 0.03752899169921875, "33a.sql": 0.03745889663696289, "33c.sql": 0.20061612129211426, "3a.sql": 0.23465204238891602, "3b.sql": 0.17308664321899414, "3c.sql": 0.03708958625793457, "4a.sql": 0.1658768653869629, "4b.sql": 0.03742504119873047, "4c.sql": 0.17919397354125977, "5a.sql": 0.15994882583618164, "5c.sql": 0.19375300407409668, "6c.sql": 0.037619829177856445, "6d.sql": 6.032305717468262, "6e.sql": 0.039923906326293945, "6f.sql": 5.95194411277771, "7b.sql": 0.3651275634765625, "7c.sql": 2.818875789642334, "8c.sql": 2.9627857208251953, "9a.sql": 0.2590773105621338, "9b.sql": 0.036202430725097656}