{"10b.sql": 0.03471946716308594, "11a.sql": 0.034473419189453125, "11c.sql": 0.03512883186340332, "12a.sql": 0.03503537178039551, "12c.sql": 0.03400564193725586, "13b.sql": 0.03452467918395996, "13d.sql": 0.07413697242736816, "14c.sql": 0.17708635330200195, "15c.sql": 0.034564971923828125, "16a.sql": 0.03404808044433594, "16b.sql": 0.03448033332824707, "16d.sql": 0.0347743034362793, "17a.sql": 0.035247087478637695, "17b.sql": 0.03432345390319824, "19d.sql": 0.22179746627807617, "1d.sql": 0.03406381607055664, "21a.sql": 0.034491539001464844, "24a.sql": 0.03518533706665039, "25a.sql": 0.035662174224853516, "26c.sql": 0.1753685474395752, "27a.sql": 0.034160614013671875, "27b.sql": 0.03450155258178711, "2a.sql": 0.18019318580627441, "30a.sql": 0.03389859199523926, "30b.sql": 0.03398633003234863, "31c.sql": 0.17702841758728027, "33a.sql": 0.03457045555114746, "3a.sql": 0.034155845642089844, "4a.sql": 0.034941673278808594, "4b.sql": 0.034850358963012695, "5c.sql": 0.034653425216674805, "8d.sql": 0.03531169891357422, "9a.sql": 0.0353703498840332, "9b.sql": 0.03431987762451172}