{"10c.sql": 0.1725749969482422, "11c.sql": 0.033761024475097656, "13d.sql": 0.0736391544342041, "14c.sql": 0.1732189655303955, "15c.sql": 0.17240405082702637, "15d.sql": 0.2239360809326172, "16d.sql": 0.03476119041442871, "17a.sql": 0.03445076942443848, "19a.sql": 0.03437495231628418, "26a.sql": 0.17670416831970215, "30b.sql": 0.03473019599914551, "8c.sql": 0.22257304191589355}