{"10a.sql": 0.7096221446990967, "10b.sql": 0.20695948600769043, "11a.sql": 0.10953354835510254, "11b.sql": 0.10665535926818848, "11c.sql": 0.036401987075805664, "12a.sql": 0.38325071334838867, "12b.sql": 0.17293596267700195, "13a.sql": 0.035964012145996094, "13b.sql": 0.036759376525878906, "14a.sql": 0.4169907569885254, "14b.sql": 0.22725987434387207, "15a.sql": 0.3955814838409424, "15b.sql": 0.0877540111541748, "15c.sql": 0.03688216209411621, "16b.sql": 1.752734661102295, "16c.sql": 0.03668332099914551, "16d.sql": 1.1082754135131836, "17a.sql": 0.0382695198059082, "17b.sql": 0.03653430938720703, "17d.sql": 2.368037700653076, "17e.sql": 0.03765869140625, "17f.sql": 0.036049604415893555, "18c.sql": 0.0353856086730957, "19a.sql": 0.03554368019104004, "19b.sql": 0.15779590606689453, "19c.sql": 2.3147473335266113, "19d.sql": 5.2610414028167725, "1a.sql": 0.28423261642456055, "1d.sql": 0.03673505783081055, "20a.sql": 3.008542537689209, "20b.sql": 2.2177672386169434, "21a.sql": 0.1262044906616211, "21b.sql": 0.03627634048461914, "22a.sql": 0.5577359199523926, "22b.sql": 0.42112088203430176, "22c.sql": 1.8175795078277588, "23a.sql": 0.25153088569641113, "23b.sql": 0.14005160331726074, "23c.sql": 0.35672879219055176, "24a.sql": 0.0377659797668457, "25b.sql": 2.1683335304260254, "26b.sql": 0.3633742332458496, "26c.sql": 1.7965943813323975, "27a.sql": 0.13107514381408691, "27b.sql": 0.09456229209899902, "27c.sql": 0.10947513580322266, "28a.sql": 0.9283335208892822, "28b.sql": 1.4813904762268066, "28c.sql": 2.301032304763794, "29a.sql": 0.2330613136291504, "29b.sql": 1.0258820056915283, "29c.sql": 3.0273404121398926, "2a.sql": 0.41858863830566406, "2b.sql": 0.39516282081604004, "30a.sql": 1.3020405769348145, "30c.sql": 5.734616279602051, "31b.sql": 0.03945422172546387, "31c.sql": 1.0914735794067383, "32b.sql": 0.2154831886291504, "33a.sql": 0.24256014823913574, "33b.sql": 0.1187887191772461, "33c.sql": 0.20015573501586914, "3a.sql": 0.2612440586090088, "3b.sql": 0.2015976905822754, "3c.sql": 0.35453200340270996, "5b.sql": 0.038098812103271484, "5c.sql": 0.03617358207702637, "6a.sql": 0.035233497619628906, "6b.sql": 1.5125980377197266, "6c.sql": 0.0368649959564209, "6d.sql": 1.4084486961364746, "6e.sql": 0.03731060028076172, "6f.sql": 5.7340099811553955, "7a.sql": 0.038681983947753906, "7b.sql": 0.36295104026794434, "8a.sql": 0.0386805534362793, "8b.sql": 0.036803245544433594, "8d.sql": 0.03536200523376465, "9c.sql": 0.03619813919067383, "9d.sql": 2.7497143745422363}