{"q10-001.sql": 0.02118539810180664, "q10-002.sql": 0.02077484130859375, "q10-003.sql": 0.02067279815673828, "q10-004.sql": 0.02048516273498535, "q10-005.sql": 0.0207369327545166, "q10-006.sql": 0.020701885223388672, "q10-007.sql": 0.020740270614624023, "q10-008.sql": 0.02104973793029785, "q10-009.sql": 0.02097034454345703, "q10-010.sql": 0.02102375030517578, "q10-011.sql": 0.02102518081665039, "q10-012.sql": 0.020915508270263672, "q10-013.sql": 0.02099895477294922, "q10-014.sql": 0.02094125747680664, "q10-015.sql": 0.021007776260375977, "q10-016.sql": 0.02091670036315918, "q10-017.sql": 0.020895004272460938, "q10-018.sql": 0.020943164825439453, "q10-019.sql": 0.021045446395874023, "q10-020.sql": 0.021213293075561523, "q10-021.sql": 0.02072906494140625, "q10-022.sql": 0.02100229263305664, "q10-023.sql": 0.020723581314086914, "q10-024.sql": 0.020742177963256836, "q10-026.sql": 0.021044254302978516, "q10-027.sql": 0.020564794540405273, "q10-029.sql": 0.020664691925048828, "q10-030.sql": 0.02056407928466797, "q10-031.sql": 0.020731210708618164, "q10-032.sql": 0.020652294158935547, "q10-033.sql": 0.020557165145874023, "q10-034.sql": 0.020785093307495117, "q10-036.sql": 0.02044534683227539, "q10-037.sql": 0.020402193069458008, "q10-038.sql": 0.0206143856048584, "q10-039.sql": 0.020708084106445312, "q10-040.sql": 0.02088022232055664, "q10-042.sql": 0.02041339874267578, "q10-043.sql": 0.02041339874267578, "q10-044.sql": 0.020601749420166016, "q10-045.sql": 0.020473957061767578, "q10-046.sql": 0.020525693893432617, "q10-047.sql": 0.020526647567749023, "q10-048.sql": 0.020706892013549805, "q10-049.sql": 0.020535945892333984, "q10-050.sql": 0.020556211471557617, "q10-051.sql": 0.02042365074157715, "q10-052.sql": 0.020760774612426758, "q10-053.sql": 0.020644426345825195, "q10-054.sql": 0.020806312561035156, "q10-055.sql": 0.021193981170654297, "q10-056.sql": 0.021321773529052734, "q10-057.sql": 0.020778179168701172, "q10-058.sql": 0.020708322525024414, "q10-059.sql": 0.02121758460998535, "q10-060.sql": 0.021152973175048828, "q10-061.sql": 0.020578622817993164, "q10-062.sql": 0.020308732986450195, "q10-063.sql": 0.02056097984313965, "q10-064.sql": 0.02025151252746582, "q10-065.sql": 0.02084517478942871, "q10-066.sql": 0.020377635955810547, "q10-067.sql": 0.020702838897705078, "q10-068.sql": 0.02102971076965332, "q10-069.sql": 0.020121335983276367, "q10-071.sql": 0.020929574966430664, "q10-072.sql": 0.020806550979614258, "q10-073.sql": 0.020639419555664062, "q10-074.sql": 0.02077317237854004, "q10-075.sql": 0.02070474624633789, "q10-077.sql": 0.0211336612701416, "q10-078.sql": 0.021029233932495117, "q10-079.sql": 0.021017074584960938, "q10-080.sql": 0.020770549774169922, "q10-081.sql": 0.020845890045166016, "q10-082.sql": 0.020766735076904297, "q10-083.sql": 0.020674943923950195, "q10-085.sql": 0.020760059356689453, "q10-087.sql": 0.020815134048461914, "q10-088.sql": 0.020967721939086914, "q10-089.sql": 0.020777225494384766, "q10-090.sql": 0.02044391632080078, "q10-091.sql": 0.020461559295654297, "q10-092.sql": 0.02028203010559082, "q10-093.sql": 0.02058243751525879, "q10-094.sql": 0.020388364791870117, "q10-095.sql": 0.020653247833251953, "q10-096.sql": 0.020723342895507812, "q10-098.sql": 0.020476818084716797, "q10-099.sql": 0.021008968353271484}