{"10a.sql": 0.03675961494445801, "11b.sql": 0.034332990646362305, "11c.sql": 0.034940481185913086, "11d.sql": 0.03463244438171387, "12a.sql": 0.03457021713256836, "12b.sql": 0.03514504432678223, "12c.sql": 0.0348200798034668, "13a.sql": 0.03591442108154297, "13c.sql": 0.0356144905090332, "14a.sql": 0.03435039520263672, "14c.sql": 0.03462362289428711, "15a.sql": 0.03390622138977051, "15b.sql": 0.034992218017578125, "15c.sql": 0.03504443168640137, "16a.sql": 0.03539872169494629, "17a.sql": 0.03473973274230957, "17d.sql": 0.03529810905456543, "17e.sql": 0.03512310981750488, "17f.sql": 0.034825801849365234, "18c.sql": 0.17710423469543457, "19b.sql": 0.0348048210144043, "19d.sql": 0.17542243003845215, "1a.sql": 0.07415366172790527, "1d.sql": 0.03415632247924805, "20a.sql": 0.03492617607116699, "20b.sql": 0.03486061096191406, "20c.sql": 0.03494858741760254, "21a.sql": 0.0348057746887207, "21c.sql": 0.03517460823059082, "22a.sql": 0.034581661224365234, "22b.sql": 0.03441190719604492, "22d.sql": 0.03425765037536621, "23a.sql": 0.03417229652404785, "23b.sql": 0.03522157669067383, "23c.sql": 0.03495216369628906, "24a.sql": 0.03482866287231445, "24b.sql": 0.034038543701171875, "25a.sql": 0.03478550910949707, "26a.sql": 0.03424263000488281, "26b.sql": 0.03364253044128418, "26c.sql": 0.033974409103393555, "27a.sql": 0.03565263748168945, "28c.sql": 0.03509855270385742, "29b.sql": 0.03366374969482422, "29c.sql": 0.03418087959289551, "2a.sql": 0.03419041633605957, "2b.sql": 0.034276723861694336, "2c.sql": 0.035028934478759766, "31a.sql": 0.034632205963134766, "31b.sql": 0.03519582748413086, "31c.sql": 0.03528571128845215, "32a.sql": 0.03490328788757324, "33a.sql": 0.035117387771606445, "33c.sql": 0.03411459922790527, "3b.sql": 0.03479409217834473, "3c.sql": 0.03435564041137695, "4a.sql": 0.034574031829833984, "4b.sql": 0.03447151184082031, "4c.sql": 0.034935712814331055, "5a.sql": 0.17324018478393555, "6c.sql": 0.03430891036987305, "6d.sql": 0.17406606674194336, "6e.sql": 0.034897804260253906, "6f.sql": 0.21671557426452637, "7c.sql": 1.1971635818481445, "8c.sql": 0.22339248657226562, "9a.sql": 0.03456711769104004, "9b.sql": 0.03515052795410156}