{"10a.sql": 0.03756237030029297, "10b.sql": 0.037198543548583984, "10c.sql": 0.036354780197143555, "11a.sql": 0.03580617904663086, "11b.sql": 0.035936832427978516, "11c.sql": 0.03560996055603027, "11d.sql": 0.035498857498168945, "12a.sql": 0.0357213020324707, "12b.sql": 0.0362553596496582, "12c.sql": 0.03624081611633301, "13a.sql": 0.03558826446533203, "13b.sql": 0.03578758239746094, "13c.sql": 0.03550553321838379, "13d.sql": 0.035402774810791016, "14a.sql": 0.035889387130737305, "14b.sql": 0.036103010177612305, "14c.sql": 0.03586554527282715, "15a.sql": 0.0358433723449707, "15b.sql": 0.037053823471069336, "15c.sql": 0.03657269477844238, "15d.sql": 0.5934624671936035, "16a.sql": 0.03760218620300293, "16b.sql": 7.763840913772583, "16c.sql": 0.041047096252441406, "16d.sql": 1.11202073097229, "17a.sql": 0.03977084159851074, "17b.sql": 0.037259578704833984, "17c.sql": 0.03716564178466797, "17d.sql": 0.03610968589782715, "17e.sql": 0.036724090576171875, "17f.sql": 0.03566241264343262, "18a.sql": 0.03603386878967285, "18b.sql": 0.036151885986328125, "18c.sql": 0.03612923622131348, "19a.sql": 0.035964250564575195, "19b.sql": 0.03726482391357422, "19c.sql": 0.036650896072387695, "19d.sql": 7.779851675033569, "1a.sql": 0.04087710380554199, "1b.sql": 0.03722810745239258, "1c.sql": 0.03660440444946289, "1d.sql": 0.03621315956115723, "20a.sql": 0.036214351654052734, "20b.sql": 0.03594255447387695, "20c.sql": 0.03561735153198242, "21a.sql": 0.03745388984680176, "21b.sql": 0.03637290000915527, "21c.sql": 0.03575754165649414, "22a.sql": 0.03629183769226074, "22b.sql": 0.03545093536376953, "22c.sql": 0.03605175018310547, "22d.sql": 0.035447120666503906, "23a.sql": 0.03646445274353027, "23b.sql": 0.03713679313659668, "23c.sql": 0.037184953689575195, "24a.sql": 0.035971879959106445, "24b.sql": 0.03653860092163086, "25a.sql": 0.0357966423034668, "25b.sql": 0.036275386810302734, "25c.sql": 0.03580951690673828, "26a.sql": 0.03594541549682617, "26b.sql": 0.03679180145263672, "26c.sql": 0.03670048713684082, "27a.sql": 0.036126136779785156, "27b.sql": 0.1005103588104248, "27c.sql": 0.037085771560668945, "28a.sql": 0.03701162338256836, "28b.sql": 0.03636789321899414, "28c.sql": 0.03745150566101074, "29a.sql": 0.03682971000671387, "29b.sql": 0.036130428314208984, "29c.sql": 0.03567957878112793, "2a.sql": 0.03584647178649902, "2b.sql": 0.036485910415649414, "2c.sql": 0.035448312759399414, "2d.sql": 0.036130428314208984, "30a.sql": 1.3163845539093018, "30b.sql": 0.03957366943359375, "30c.sql": 0.03741145133972168, "31a.sql": 0.03645467758178711, "31b.sql": 0.03646373748779297, "31c.sql": 0.03631949424743652, "32a.sql": 0.036446571350097656, "32b.sql": 0.036875009536743164, "33a.sql": 0.037113189697265625, "33b.sql": 0.03625321388244629, "33c.sql": 0.03595089912414551, "3a.sql": 0.03572702407836914, "3b.sql": 0.035558223724365234, "3c.sql": 0.035429954528808594, "4a.sql": 0.03629899024963379, "4b.sql": 0.0361478328704834, "4c.sql": 0.03568696975708008, "5a.sql": 0.03560781478881836, "5b.sql": 0.035533905029296875, "5c.sql": 0.03552436828613281, "6a.sql": 0.03582406044006348, "6b.sql": 0.03593301773071289, "6c.sql": 0.035497426986694336, "6d.sql": 0.03623461723327637, "6e.sql": 0.03603982925415039, "6f.sql": 0.036054134368896484, "7a.sql": 0.035675764083862305, "7b.sql": 0.03552412986755371, "7c.sql": 0.035462379455566406, "8a.sql": 0.03510332107543945, "8b.sql": 0.03531527519226074, "8c.sql": 0.03644418716430664, "8d.sql": 0.03656578063964844, "9a.sql": 0.0360722541809082, "9b.sql": 0.036483049392700195, "9c.sql": 0.036040544509887695, "9d.sql": 0.03566622734069824}