{"q10-001.sql": 0.022016286849975586, "q10-003.sql": 0.02134084701538086, "q10-004.sql": 0.020520448684692383, "q10-005.sql": 0.02062821388244629, "q10-006.sql": 0.020992517471313477, "q10-007.sql": 0.020394086837768555, "q10-008.sql": 0.020825624465942383, "q10-009.sql": 0.020858049392700195, "q10-011.sql": 0.020473003387451172, "q10-012.sql": 0.0204315185546875, "q10-013.sql": 0.020498037338256836, "q10-014.sql": 0.020830392837524414, "q10-015.sql": 0.020479917526245117, "q10-016.sql": 0.020659208297729492, "q10-017.sql": 0.021115779876708984, "q10-018.sql": 0.021372318267822266, "q10-019.sql": 0.021095752716064453, "q10-020.sql": 0.020889997482299805, "q10-021.sql": 0.020666122436523438, "q10-022.sql": 0.0207059383392334, "q10-023.sql": 0.020621299743652344, "q10-024.sql": 0.020647048950195312, "q10-025.sql": 0.020695924758911133, "q10-026.sql": 0.02082991600036621, "q10-027.sql": 0.020973920822143555, "q10-028.sql": 0.020632505416870117, "q10-029.sql": 0.020810842514038086, "q10-030.sql": 0.0209043025970459, "q10-031.sql": 0.021255970001220703, "q10-032.sql": 0.02105402946472168, "q10-033.sql": 0.021207571029663086, "q10-034.sql": 0.020859479904174805, "q10-035.sql": 0.02052021026611328, "q10-036.sql": 0.02068495750427246, "q10-037.sql": 0.02069544792175293, "q10-038.sql": 0.020604372024536133, "q10-039.sql": 0.02095484733581543, "q10-040.sql": 0.020835161209106445, "q10-041.sql": 0.02071356773376465, "q10-042.sql": 0.020624637603759766, "q10-043.sql": 0.020806074142456055, "q10-044.sql": 0.020323991775512695, "q10-045.sql": 0.021044254302978516, "q10-046.sql": 0.021257400512695312, "q10-048.sql": 0.021106719970703125, "q10-049.sql": 0.02078557014465332, "q10-050.sql": 0.020848989486694336, "q10-052.sql": 0.020496368408203125, "q10-053.sql": 0.020786523818969727, "q10-054.sql": 0.021410226821899414, "q10-055.sql": 0.02105998992919922, "q10-057.sql": 0.020622730255126953, "q10-058.sql": 0.02086186408996582, "q10-060.sql": 0.020764827728271484, "q10-061.sql": 0.020345211029052734, "q10-062.sql": 0.02105116844177246, "q10-063.sql": 0.020998239517211914, "q10-064.sql": 0.021073341369628906, "q10-065.sql": 0.02103734016418457, "q10-066.sql": 0.020534753799438477, "q10-067.sql": 0.020798444747924805, "q10-068.sql": 0.020635128021240234, "q10-069.sql": 0.020417213439941406, "q10-071.sql": 0.020437002182006836, "q10-072.sql": 0.020836830139160156, "q10-074.sql": 0.021042823791503906, "q10-075.sql": 0.020713090896606445, "q10-076.sql": 0.0204164981842041, "q10-077.sql": 0.020998001098632812, "q10-078.sql": 0.02089977264404297, "q10-079.sql": 0.020778179168701172, "q10-080.sql": 0.02082085609436035, "q10-081.sql": 0.02085137367248535, "q10-082.sql": 0.020984649658203125, "q10-083.sql": 0.02110457420349121, "q10-084.sql": 0.020682811737060547, "q10-085.sql": 0.0207064151763916, "q10-086.sql": 0.020748376846313477, "q10-087.sql": 0.020546674728393555, "q10-089.sql": 0.021019458770751953, "q10-090.sql": 0.02066946029663086, "q10-091.sql": 0.020842552185058594, "q10-092.sql": 0.02078080177307129, "q10-093.sql": 0.020392417907714844, "q10-094.sql": 0.021100282669067383, "q10-095.sql": 0.020949602127075195, "q10-096.sql": 0.02111983299255371, "q10-097.sql": 0.020925283432006836, "q10-098.sql": 0.021167516708374023, "q10-100.sql": 0.021012306213378906}