{"q10-001.sql": 0.021091461181640625, "q10-002.sql": 0.02110457420349121, "q10-003.sql": 0.020926713943481445, "q10-004.sql": 0.020563125610351562, "q10-005.sql": 0.02075052261352539, "q10-006.sql": 0.020649194717407227, "q10-007.sql": 0.020039796829223633, "q10-008.sql": 0.02061295509338379, "q10-009.sql": 0.02062511444091797, "q10-010.sql": 0.020538806915283203, "q10-011.sql": 0.021062135696411133, "q10-012.sql": 0.02095961570739746, "q10-013.sql": 0.020748376846313477, "q10-014.sql": 0.020684003829956055, "q10-015.sql": 0.02073383331298828, "q10-016.sql": 0.020867586135864258, "q10-017.sql": 0.02038121223449707, "q10-018.sql": 0.020547151565551758, "q10-019.sql": 0.020482301712036133, "q10-020.sql": 0.020522117614746094, "q10-021.sql": 0.020786762237548828, "q10-022.sql": 0.0207064151763916, "q10-023.sql": 0.020572185516357422, "q10-024.sql": 0.02093219757080078, "q10-026.sql": 0.021030426025390625, "q10-027.sql": 0.0211331844329834, "q10-029.sql": 0.020774364471435547, "q10-030.sql": 0.020615577697753906, "q10-031.sql": 0.020539045333862305, "q10-032.sql": 0.020638704299926758, "q10-033.sql": 0.020574331283569336, "q10-034.sql": 0.020680665969848633, "q10-036.sql": 0.02054595947265625, "q10-037.sql": 0.020637035369873047, "q10-038.sql": 0.020576000213623047, "q10-039.sql": 0.020643234252929688, "q10-040.sql": 0.020711183547973633, "q10-042.sql": 0.020511627197265625, "q10-043.sql": 0.02080559730529785, "q10-044.sql": 0.021136999130249023, "q10-045.sql": 0.02088761329650879, "q10-046.sql": 0.020778179168701172, "q10-047.sql": 0.02057504653930664, "q10-048.sql": 0.020411968231201172, "q10-049.sql": 0.020899057388305664, "q10-050.sql": 0.020664453506469727, "q10-051.sql": 0.021062135696411133, "q10-052.sql": 0.021007776260375977, "q10-053.sql": 0.020893096923828125, "q10-054.sql": 0.02102065086364746, "q10-055.sql": 0.020824432373046875, "q10-056.sql": 0.02045583724975586, "q10-057.sql": 0.020650148391723633, "q10-058.sql": 0.021132469177246094, "q10-059.sql": 0.02102518081665039, "q10-060.sql": 0.020908355712890625, "q10-061.sql": 0.02033710479736328, "q10-062.sql": 0.020410776138305664, "q10-063.sql": 0.020781755447387695, "q10-064.sql": 0.020600080490112305, "q10-065.sql": 0.02109074592590332, "q10-066.sql": 0.020406246185302734, "q10-067.sql": 0.020495891571044922, "q10-068.sql": 0.020902633666992188, "q10-069.sql": 0.0205228328704834, "q10-071.sql": 0.020824432373046875, "q10-072.sql": 0.02089214324951172, "q10-073.sql": 0.020922183990478516, "q10-074.sql": 0.021130800247192383, "q10-075.sql": 0.02088332176208496, "q10-077.sql": 0.020631790161132812, "q10-078.sql": 0.020770788192749023, "q10-079.sql": 0.020650148391723633, "q10-080.sql": 0.020533323287963867, "q10-081.sql": 0.02066659927368164, "q10-082.sql": 0.02077651023864746, "q10-083.sql": 0.02062845230102539, "q10-085.sql": 0.02062821388244629, "q10-087.sql": 0.02053546905517578, "q10-088.sql": 0.020827531814575195, "q10-089.sql": 0.020670413970947266, "q10-090.sql": 0.020926952362060547, "q10-091.sql": 0.02099919319152832, "q10-092.sql": 0.02089214324951172, "q10-093.sql": 0.021010398864746094, "q10-094.sql": 0.020659923553466797, "q10-095.sql": 0.020346879959106445, "q10-096.sql": 0.02088141441345215, "q10-098.sql": 0.020534515380859375, "q10-099.sql": 0.020998716354370117}