{"10a.sql": 0.03525042533874512, "10b.sql": 0.03489351272583008, "11a.sql": 0.0350039005279541, "11b.sql": 0.03494405746459961, "11c.sql": 0.034784793853759766, "12a.sql": 0.03487825393676758, "12b.sql": 0.03478813171386719, "13a.sql": 0.0348663330078125, "13b.sql": 0.035033226013183594, "14a.sql": 0.03540396690368652, "14b.sql": 0.03505063056945801, "15a.sql": 0.03449273109436035, "15b.sql": 0.03445792198181152, "15c.sql": 0.03486347198486328, "16b.sql": 0.03499197959899902, "16c.sql": 0.03448319435119629, "16d.sql": 0.034859418869018555, "17a.sql": 0.03513145446777344, "17b.sql": 0.03485989570617676, "17d.sql": 0.035071611404418945, "17e.sql": 0.034793853759765625, "17f.sql": 0.034659385681152344, "18c.sql": 0.17959141731262207, "19a.sql": 0.03481745719909668, "19b.sql": 0.03467988967895508, "19c.sql": 0.034372806549072266, "19d.sql": 0.034676313400268555, "1a.sql": 0.07401275634765625, "1d.sql": 0.035738468170166016, "20a.sql": 0.03544116020202637, "20b.sql": 0.03520989418029785, "21a.sql": 0.03487133979797363, "21b.sql": 0.03473520278930664, "22a.sql": 0.03429698944091797, "22b.sql": 0.03473973274230957, "22c.sql": 0.034512996673583984, "23a.sql": 0.03416633605957031, "23b.sql": 0.03432273864746094, "23c.sql": 0.03467607498168945, "24a.sql": 0.035369873046875, "25b.sql": 0.03504061698913574, "26b.sql": 0.03448486328125, "26c.sql": 0.03411674499511719, "27a.sql": 0.0342409610748291, "27b.sql": 0.03479313850402832, "27c.sql": 0.03450822830200195, "28a.sql": 0.034126996994018555, "28b.sql": 0.03520059585571289, "28c.sql": 0.034859418869018555, "29a.sql": 0.035492897033691406, "29b.sql": 0.035356998443603516, "29c.sql": 0.035222530364990234, "2a.sql": 0.1791543960571289, "2b.sql": 0.18372225761413574, "30a.sql": 0.03540825843811035, "30c.sql": 0.03570437431335449, "31b.sql": 0.03581857681274414, "31c.sql": 0.034333229064941406, "32b.sql": 0.033829450607299805, "33a.sql": 0.034499168395996094, "33b.sql": 0.034432172775268555, "33c.sql": 0.03495597839355469, "3a.sql": 0.034003496170043945, "3b.sql": 0.03462362289428711, "3c.sql": 0.03518366813659668, "5b.sql": 0.03515005111694336, "5c.sql": 0.034386634826660156, "6a.sql": 0.034926414489746094, "6b.sql": 0.03534865379333496, "6c.sql": 0.03572988510131836, "6d.sql": 0.03510475158691406, "6e.sql": 0.034688472747802734, "6f.sql": 0.03449821472167969, "7a.sql": 0.03536176681518555, "7b.sql": 0.034967899322509766, "8a.sql": 0.03427600860595703, "8b.sql": 0.03450489044189453, "8d.sql": 0.034769296646118164, "9c.sql": 0.17772412300109863, "9d.sql": 0.21918034553527832}