{"10a.sql": 0.03437447547912598, "10b.sql": 0.03401589393615723, "10c.sql": 3.052717924118042, "11a.sql": 0.12358689308166504, "11b.sql": 0.0849752426147461, "11c.sql": 0.2327580451965332, "11d.sql": 0.2231299877166748, "12a.sql": 0.38318681716918945, "12b.sql": 0.0376896858215332, "12c.sql": 1.2336714267730713, "13a.sql": 2.121539831161499, "13b.sql": 0.9189915657043457, "13c.sql": 0.8790168762207031, "13d.sql": 2.991325855255127, "14a.sql": 0.037795305252075195, "14b.sql": 0.2103745937347412, "14c.sql": 0.7192530632019043, "15a.sql": 0.30647969245910645, "15b.sql": 0.037362098693847656, "15c.sql": 0.5269596576690674, "15d.sql": 0.5860779285430908, "16a.sql": 0.27030372619628906, "16b.sql": 3.0374767780303955, "16c.sql": 1.3720662593841553, "17a.sql": 0.0386500358581543, "17b.sql": 4.2219719886779785, "17c.sql": 4.232308626174927, "17d.sql": 2.782689332962036, "17e.sql": 0.03650546073913574, "17f.sql": 0.03644156455993652, "18a.sql": 4.285526752471924, "18b.sql": 0.3726921081542969, "18c.sql": 4.343940734863281, "19b.sql": 3.0643868446350098, "19c.sql": 1.7383358478546143, "19d.sql": 4.450253486633301, "1a.sql": 0.03723406791687012, "1b.sql": 0.03556227684020996, "1d.sql": 0.037291765213012695, "20a.sql": 3.155869483947754, "20b.sql": 2.505711555480957, "20c.sql": 1.400430679321289, "21a.sql": 2.057466745376587, "21b.sql": 1.3346002101898193, "21c.sql": 1.0423879623413086, "22a.sql": 0.036153554916381836, "22b.sql": 0.03515744209289551, "22c.sql": 1.868661642074585, "22d.sql": 0.03617572784423828, "23a.sql": 0.841853141784668, "23b.sql": 1.4375650882720947, "23c.sql": 0.037305593490600586, "24a.sql": 2.6982076168060303, "24b.sql": 0.19016504287719727, "25a.sql": 2.354553461074829, "25b.sql": 0.03799605369567871, "25c.sql": 4.717765808105469, "26a.sql": 2.296464681625366, "26b.sql": 0.29117560386657715, "26c.sql": 2.5655100345611572, "27a.sql": 0.03811764717102051, "27b.sql": 0.03611016273498535, "27c.sql": 0.1679704189300537, "28a.sql": 3.754826545715332, "28b.sql": 0.7353308200836182, "28c.sql": 1.9074125289916992, "29a.sql": 0.03814196586608887, "29b.sql": 0.13611483573913574, "29c.sql": 1.6684296131134033, "2a.sql": 0.41268086433410645, "2b.sql": 0.037309885025024414, "2c.sql": 0.03563642501831055, "2d.sql": 0.035323381423950195, "30a.sql": 2.5751733779907227, "30b.sql": 2.428776502609253, "30c.sql": 3.6662681102752686, "31a.sql": 2.520421028137207, "31b.sql": 2.5005009174346924, "31c.sql": 3.071866273880005, "32a.sql": 0.03794670104980469, "33a.sql": 0.03559374809265137, "33c.sql": 0.03562307357788086, "3a.sql": 0.035103797912597656, "3b.sql": 0.03520059585571289, "3c.sql": 1.2185642719268799, "4a.sql": 0.1705484390258789, "4b.sql": 0.03702878952026367, "4c.sql": 0.20461392402648926, "5a.sql": 0.14981842041015625, "5c.sql": 0.9014582633972168, "6c.sql": 0.03659462928771973, "6d.sql": 4.794274568557739, "6e.sql": 0.10013294219970703, "6f.sql": 4.922797679901123, "7a.sql": 0.9584076404571533, "7b.sql": 0.3013925552368164, "7c.sql": 2.413222312927246, "8b.sql": 0.3911139965057373, "8c.sql": 2.9509899616241455, "9a.sql": 0.25223708152770996, "9b.sql": 1.6970195770263672, "9c.sql": 1.7049448490142822}