{"10b.sql": 0.03376936912536621, "10c.sql": 0.03464937210083008, "12c.sql": 0.17450356483459473, "13a.sql": 0.03475189208984375, "13c.sql": 0.034111738204956055, "15b.sql": 0.03400278091430664, "15d.sql": 0.17503976821899414, "16c.sql": 0.03445553779602051, "17c.sql": 0.03425002098083496, "17d.sql": 0.23119425773620605, "18a.sql": 0.0348660945892334, "18c.sql": 0.035208702087402344, "19a.sql": 0.035238027572631836, "19b.sql": 0.0352327823638916, "19c.sql": 0.035239219665527344, "1c.sql": 0.2912299633026123, "20a.sql": 0.1797194480895996, "21a.sql": 0.03398394584655762, "21c.sql": 0.034441232681274414, "22b.sql": 0.03513789176940918, "22d.sql": 0.17706704139709473, "23b.sql": 0.0346074104309082, "23c.sql": 0.034433603286743164, "24a.sql": 0.03412485122680664, "25a.sql": 0.03439688682556152, "25c.sql": 0.03434586524963379, "28a.sql": 0.033776044845581055, "28c.sql": 0.03423595428466797, "29a.sql": 0.1797926425933838, "2a.sql": 0.17786335945129395, "30a.sql": 0.17396235466003418, "31b.sql": 0.033745527267456055, "31c.sql": 0.03417348861694336, "3b.sql": 0.0347447395324707, "4a.sql": 0.03479909896850586, "4c.sql": 0.034140825271606445, "5c.sql": 0.03418326377868652, "6a.sql": 0.03524160385131836, "6c.sql": 0.03422355651855469, "6e.sql": 0.03411746025085449, "6f.sql": 0.17494702339172363, "7b.sql": 0.03392672538757324, "8c.sql": 0.2217109203338623, "9a.sql": 0.0344388484954834, "9b.sql": 0.03461861610412598, "9c.sql": 0.035016775131225586}