{"q10-001.sql": 0.0208282470703125, "q10-002.sql": 0.020978689193725586, "q10-003.sql": 0.021139860153198242, "q10-004.sql": 0.021030187606811523, "q10-005.sql": 0.021085739135742188, "q10-006.sql": 0.020479679107666016, "q10-007.sql": 0.020838499069213867, "q10-008.sql": 0.020804643630981445, "q10-009.sql": 0.02071237564086914, "q10-010.sql": 0.020656347274780273, "q10-011.sql": 0.02095198631286621, "q10-012.sql": 0.02089548110961914, "q10-013.sql": 0.020719051361083984, "q10-014.sql": 0.02097153663635254, "q10-015.sql": 0.020519018173217773, "q10-016.sql": 0.02116990089416504, "q10-017.sql": 0.021747589111328125, "q10-018.sql": 0.020714282989501953, "q10-019.sql": 0.02119588851928711, "q10-020.sql": 0.020732641220092773, "q10-021.sql": 0.020611286163330078, "q10-022.sql": 0.02075934410095215, "q10-023.sql": 0.02099776268005371, "q10-024.sql": 0.021080732345581055, "q10-026.sql": 0.020723581314086914, "q10-027.sql": 0.02084207534790039, "q10-029.sql": 0.02088475227355957, "q10-030.sql": 0.020731210708618164, "q10-031.sql": 0.020701885223388672, "q10-032.sql": 0.020739078521728516, "q10-033.sql": 0.020931005477905273, "q10-034.sql": 0.021194934844970703, "q10-036.sql": 0.02115631103515625, "q10-037.sql": 0.02057051658630371, "q10-038.sql": 0.020641088485717773, "q10-039.sql": 0.021090984344482422, "q10-040.sql": 0.020743608474731445, "q10-042.sql": 0.021010398864746094, "q10-043.sql": 0.02058100700378418, "q10-044.sql": 0.020785808563232422, "q10-045.sql": 0.020756959915161133, "q10-046.sql": 0.02058887481689453, "q10-047.sql": 0.020785093307495117, "q10-048.sql": 0.020737886428833008, "q10-049.sql": 0.02086329460144043, "q10-050.sql": 0.021540164947509766, "q10-051.sql": 0.021201372146606445, "q10-052.sql": 0.020922183990478516, "q10-053.sql": 0.020745515823364258, "q10-054.sql": 0.02080225944519043, "q10-055.sql": 0.020913362503051758, "q10-056.sql": 0.020828962326049805, "q10-057.sql": 0.0209043025970459, "q10-058.sql": 0.020671606063842773, "q10-059.sql": 0.020766496658325195, "q10-060.sql": 0.02071666717529297, "q10-061.sql": 0.020856857299804688, "q10-062.sql": 0.020851850509643555, "q10-063.sql": 0.0206906795501709, "q10-064.sql": 0.021219968795776367, "q10-065.sql": 0.020775794982910156, "q10-066.sql": 0.021413564682006836, "q10-067.sql": 0.021159887313842773, "q10-068.sql": 0.0214388370513916, "q10-069.sql": 0.021094322204589844, "q10-071.sql": 0.020702838897705078, "q10-072.sql": 0.020927906036376953, "q10-073.sql": 0.020431041717529297, "q10-074.sql": 0.020874738693237305, "q10-075.sql": 0.020836830139160156, "q10-077.sql": 0.020951509475708008, "q10-078.sql": 0.021464824676513672, "q10-079.sql": 0.02128887176513672, "q10-080.sql": 0.02106022834777832, "q10-081.sql": 0.021142005920410156, "q10-082.sql": 0.021004438400268555, "q10-083.sql": 0.021311521530151367, "q10-085.sql": 0.02142930030822754, "q10-087.sql": 0.021075963973999023, "q10-088.sql": 0.02128124237060547, "q10-089.sql": 0.021353483200073242, "q10-090.sql": 0.02115941047668457, "q10-091.sql": 0.021127700805664062, "q10-092.sql": 0.0211641788482666, "q10-093.sql": 0.02082228660583496, "q10-094.sql": 0.021004915237426758, "q10-095.sql": 0.02093219757080078, "q10-096.sql": 0.021047115325927734, "q10-098.sql": 0.021023035049438477, "q10-099.sql": 0.021031856536865234}