{"10a.sql": 0.034806251525878906, "11b.sql": 0.03437328338623047, "11c.sql": 0.03452634811401367, "12b.sql": 0.08423495292663574, "15b.sql": 0.03538966178894043, "15c.sql": 0.03429365158081055, "17a.sql": 0.035082340240478516, "17b.sql": 0.03412771224975586, "18c.sql": 0.17718243598937988, "1a.sql": 0.18016409873962402, "20b.sql": 0.17759156227111816, "22a.sql": 0.03439760208129883, "22c.sql": 0.17841768264770508, "26c.sql": 0.1758420467376709, "30a.sql": 0.17566251754760742, "31b.sql": 0.03434419631958008, "33c.sql": 0.03422141075134277, "3c.sql": 0.03422141075134277, "5b.sql": 0.034401893615722656, "6a.sql": 1.5420775413513184, "6b.sql": 0.03515815734863281, "6f.sql": 0.23384356498718262, "8a.sql": 0.03478527069091797}