{"q10-001.sql": 0.020946502685546875, "q10-002.sql": 0.020969152450561523, "q10-003.sql": 0.02073383331298828, "q10-004.sql": 0.02044844627380371, "q10-005.sql": 0.021092653274536133, "q10-006.sql": 0.02012467384338379, "q10-007.sql": 0.020219802856445312, "q10-008.sql": 0.02050638198852539, "q10-009.sql": 0.02033090591430664, "q10-010.sql": 0.020607471466064453, "q10-011.sql": 0.02059459686279297, "q10-012.sql": 0.020903587341308594, "q10-013.sql": 0.02068614959716797, "q10-014.sql": 0.02082371711730957, "q10-015.sql": 0.0203399658203125, "q10-016.sql": 0.021010160446166992, "q10-017.sql": 0.02067422866821289, "q10-018.sql": 0.021284818649291992, "q10-019.sql": 0.021242856979370117, "q10-020.sql": 0.020609140396118164, "q10-021.sql": 0.020708322525024414, "q10-022.sql": 0.020272016525268555, "q10-023.sql": 0.02030038833618164, "q10-024.sql": 0.020602941513061523, "q10-026.sql": 0.020644664764404297, "q10-027.sql": 0.020844697952270508, "q10-029.sql": 0.020552873611450195, "q10-030.sql": 0.020907163619995117, "q10-031.sql": 0.020888566970825195, "q10-032.sql": 0.020429134368896484, "q10-033.sql": 0.020531177520751953, "q10-034.sql": 0.02061152458190918, "q10-036.sql": 0.020362138748168945, "q10-037.sql": 0.020795345306396484, "q10-038.sql": 0.020633935928344727, "q10-039.sql": 0.020766019821166992, "q10-040.sql": 0.020508527755737305, "q10-042.sql": 0.0205686092376709, "q10-043.sql": 0.020829200744628906, "q10-044.sql": 0.0206143856048584, "q10-045.sql": 0.02082967758178711, "q10-046.sql": 0.02083611488342285, "q10-047.sql": 0.021094799041748047, "q10-048.sql": 0.02076411247253418, "q10-049.sql": 0.02035212516784668, "q10-050.sql": 0.020645856857299805, "q10-051.sql": 0.02069568634033203, "q10-052.sql": 0.020544767379760742, "q10-053.sql": 0.020521879196166992, "q10-054.sql": 0.020599842071533203, "q10-055.sql": 0.021053791046142578, "q10-056.sql": 0.02039933204650879, "q10-057.sql": 0.020831584930419922, "q10-058.sql": 0.02056121826171875, "q10-059.sql": 0.02052474021911621, "q10-060.sql": 0.020965099334716797, "q10-061.sql": 0.020917415618896484, "q10-062.sql": 0.02082347869873047, "q10-063.sql": 0.020608186721801758, "q10-064.sql": 0.020545005798339844, "q10-065.sql": 0.02058577537536621, "q10-066.sql": 0.020447254180908203, "q10-067.sql": 0.02037668228149414, "q10-068.sql": 0.020603656768798828, "q10-069.sql": 0.020785808563232422, "q10-071.sql": 0.020756959915161133, "q10-072.sql": 0.020364761352539062, "q10-073.sql": 0.020732402801513672, "q10-074.sql": 0.020593881607055664, "q10-075.sql": 0.020880937576293945, "q10-077.sql": 0.0210111141204834, "q10-078.sql": 0.020989418029785156, "q10-079.sql": 0.020758867263793945, "q10-080.sql": 0.020512819290161133, "q10-081.sql": 0.020488977432250977, "q10-082.sql": 0.020565032958984375, "q10-083.sql": 0.020540475845336914, "q10-085.sql": 0.02075958251953125, "q10-087.sql": 0.020570039749145508, "q10-088.sql": 0.02080988883972168, "q10-089.sql": 0.020382404327392578, "q10-090.sql": 0.020452499389648438, "q10-091.sql": 0.020672321319580078, "q10-092.sql": 0.02074146270751953, "q10-093.sql": 0.020884990692138672, "q10-094.sql": 0.02063894271850586, "q10-095.sql": 0.020878314971923828, "q10-096.sql": 0.02061009407043457, "q10-098.sql": 0.020470380783081055, "q10-099.sql": 0.02072429656982422}