{"10a.sql": 0.7136030197143555, "10b.sql": 0.21056675910949707, "11a.sql": 0.11037611961364746, "11b.sql": 0.09959983825683594, "11c.sql": 0.24284005165100098, "11d.sql": 0.22710680961608887, "12a.sql": 0.38483262062072754, "12c.sql": 0.8472819328308105, "13b.sql": 0.03696918487548828, "13d.sql": 0.035468101501464844, "14b.sql": 0.2108914852142334, "14c.sql": 0.7409200668334961, "15c.sql": 0.03796029090881348, "16a.sql": 1.995077133178711, "16b.sql": 2.531747341156006, "16c.sql": 2.5740275382995605, "16d.sql": 2.5131232738494873, "17a.sql": 0.03738856315612793, "17b.sql": 0.03649163246154785, "17c.sql": 0.03531980514526367, "17f.sql": 2.3939106464385986, "18a.sql": 5.844689607620239, "18b.sql": 0.37572813034057617, "18c.sql": 5.96427583694458, "19d.sql": 6.096025705337524, "1a.sql": 0.03903079032897949, "1b.sql": 0.03572845458984375, "1d.sql": 0.03570055961608887, "20c.sql": 2.2906956672668457, "21a.sql": 0.12496423721313477, "22a.sql": 1.3168087005615234, "22b.sql": 1.3210499286651611, "23a.sql": 0.2557547092437744, "23c.sql": 0.35931849479675293, "24a.sql": 2.7119264602661133, "24b.sql": 0.03777194023132324, "25a.sql": 2.376391649246216, "25c.sql": 6.67099666595459, "26a.sql": 0.040280818939208984, "26c.sql": 2.523743152618408, "27a.sql": 0.038233041763305664, "27b.sql": 0.10138225555419922, "29a.sql": 0.23196148872375488, "29c.sql": 0.7672674655914307, "2a.sql": 0.41588830947875977, "2b.sql": 0.03746390342712402, "2d.sql": 0.03708767890930176, "30a.sql": 6.75757908821106, "30b.sql": 0.37061238288879395, "31b.sql": 0.0382542610168457, "31c.sql": 1.0894129276275635, "33a.sql": 0.12584567070007324, "33b.sql": 0.1176917552947998, "3a.sql": 0.036344051361083984, "4a.sql": 0.03642106056213379, "4b.sql": 0.16968703269958496, "5c.sql": 0.0384671688079834, "6a.sql": 0.07173299789428711, "6b.sql": 0.345416784286499, "6e.sql": 0.0741727352142334, "7a.sql": 0.9688224792480469, "7c.sql": 3.5105879306793213, "8c.sql": 2.9539968967437744, "8d.sql": 2.447256326675415, "9a.sql": 0.2514357566833496, "9b.sql": 0.03795027732849121, "9c.sql": 1.7005388736724854, "9d.sql": 2.78469181060791}