{"10a.sql": 0.03424882888793945, "10b.sql": 0.03422975540161133, "11a.sql": 0.034642934799194336, "11b.sql": 0.03469085693359375, "11c.sql": 0.034357547760009766, "11d.sql": 0.03514742851257324, "12a.sql": 0.03552532196044922, "12b.sql": 0.03378939628601074, "12c.sql": 0.0343928337097168, "13a.sql": 0.03438305854797363, "13b.sql": 0.03428077697753906, "13c.sql": 0.034418344497680664, "13d.sql": 0.03473401069641113, "14b.sql": 0.03389763832092285, "14c.sql": 0.0353848934173584, "15c.sql": 0.03541231155395508, "16a.sql": 0.03421974182128906, "16b.sql": 0.03457236289978027, "16c.sql": 0.03445124626159668, "16d.sql": 0.03531527519226074, "17a.sql": 0.03494453430175781, "17b.sql": 0.034206390380859375, "17c.sql": 0.034296274185180664, "17f.sql": 0.17732548713684082, "18a.sql": 0.03368186950683594, "18b.sql": 0.034949302673339844, "18c.sql": 0.03438925743103027, "19a.sql": 0.03430628776550293, "19b.sql": 0.03531837463378906, "19d.sql": 0.03507590293884277, "1a.sql": 0.03369140625, "1b.sql": 0.03526949882507324, "1d.sql": 0.03440570831298828, "20b.sql": 0.034774065017700195, "20c.sql": 0.0345461368560791, "21a.sql": 0.03435468673706055, "21c.sql": 0.03444647789001465, "22a.sql": 0.03533577919006348, "22b.sql": 0.03436088562011719, "22d.sql": 0.03449583053588867, "23a.sql": 0.033959150314331055, "23b.sql": 0.03384971618652344, "23c.sql": 0.034980058670043945, "24a.sql": 0.03431558609008789, "24b.sql": 0.034407615661621094, "25a.sql": 0.035605669021606445, "25b.sql": 0.03506278991699219, "25c.sql": 0.03384280204772949, "26a.sql": 0.034605979919433594, "26b.sql": 0.03424334526062012, "26c.sql": 0.03463244438171387, "27a.sql": 0.03479933738708496, "27b.sql": 0.034032583236694336, "28a.sql": 0.03422880172729492, "28b.sql": 0.035303354263305664, "28c.sql": 0.03469514846801758, "29a.sql": 0.03416180610656738, "29b.sql": 0.03461265563964844, "29c.sql": 0.03513908386230469, "2a.sql": 0.03496241569519043, "2b.sql": 0.03420543670654297, "2c.sql": 0.03432440757751465, "2d.sql": 0.034685373306274414, "30a.sql": 0.03515172004699707, "30b.sql": 0.03458809852600098, "30c.sql": 0.03431272506713867, "31a.sql": 0.03463006019592285, "31b.sql": 0.03438925743103027, "31c.sql": 0.034446001052856445, "32b.sql": 0.033962249755859375, "33a.sql": 0.0328829288482666, "33b.sql": 0.03486824035644531, "3a.sql": 0.03410172462463379, "3c.sql": 0.03463315963745117, "4a.sql": 0.03453874588012695, "4b.sql": 0.03324437141418457, "4c.sql": 0.03376293182373047, "5c.sql": 0.03401613235473633, "6a.sql": 0.03400707244873047, "6b.sql": 0.034204959869384766, "6c.sql": 0.034877777099609375, "6e.sql": 0.034709930419921875, "7a.sql": 0.03410482406616211, "7c.sql": 0.03324699401855469, "8a.sql": 0.03411722183227539, "8c.sql": 0.033003807067871094, "8d.sql": 0.034420013427734375, "9a.sql": 0.03272390365600586, "9b.sql": 0.03358030319213867, "9c.sql": 0.033791303634643555, "9d.sql": 0.03518986701965332}